district,variable,kind,n_months,val_R2,val_RMSE,val_MAE,val_acc_0.5,val_acc_1.0,val_acc_2.0,val_acc_3.0,val_acc_5.0,val_acc_10.0,val_acc_20.0,val_acc_30.0,val_acc_50.0,val_acc_1.5,zone
Bagerhat,heat_index,index,11,0.9544797802701077,1.33862312555811,1.089001667856843,0.36363636363636365,0.45454545454545453,0.8181818181818182,1.0,,,,,,,3. Southwest Hot-Dry Zone (Drought or Saline)
Bagerhat,wet_bulb,index,11,0.9661620913389015,0.6541579574671439,0.47087953168537217,0.6363636363636364,0.9090909090909091,1.0,1.0,,,,,,,3. Southwest Hot-Dry Zone (Drought or Saline)
Bagerhat,wbgt_shade,index,11,0.965042874185455,0.6488924516862465,0.49345694474217117,0.5454545454545454,0.9090909090909091,1.0,1.0,,,,,,,3. Southwest Hot-Dry Zone (Drought or Saline)
Bagerhat,wbgt_sun,index,11,0.9620719835526059,0.6700580065154802,0.5198795139694448,0.45454545454545453,0.9090909090909091,1.0,1.0,,,,,,,3. Southwest Hot-Dry Zone (Drought or Saline)
Bagerhat,cdd,index,11,0.9485758456271393,0.7227360877666513,0.6100606066515833,0.5454545454545454,0.8181818181818182,1.0,1.0,,,,,,,3. Southwest Hot-Dry Zone (Drought or Saline)
Bandarban,heat_index,index,11,0.8112808564438103,1.8963532689588094,1.6303010870186527,0.09090909090909091,0.36363636363636365,0.7272727272727273,0.9090909090909091,,,,,,,6. Hill Tract Zone (Elevated Terrain)
Bandarban,wet_bulb,index,11,0.9404066192868192,0.7278942362526392,0.6593777414601099,0.2727272727272727,0.8181818181818182,1.0,1.0,,,,,,,6. Hill Tract Zone (Elevated Terrain)
Bandarban,wbgt_shade,index,11,0.927071020470958,0.7529693489425034,0.6760074632294742,0.36363636363636365,0.8181818181818182,1.0,1.0,,,,,,,6. Hill Tract Zone (Elevated Terrain)
Bandarban,wbgt_sun,index,11,0.9105456094668412,0.8144417235903112,0.7216311501328747,0.36363636363636365,0.7272727272727273,1.0,1.0,,,,,,,6. Hill Tract Zone (Elevated Terrain)
Bandarban,cdd,index,11,0.9444012072448862,0.5968603865047513,0.49258697420990283,0.5454545454545454,0.9090909090909091,1.0,1.0,,,,,,,6. Hill Tract Zone (Elevated Terrain)
Barguna,heat_index,index,11,0.9332278388438159,1.5478171915992371,1.2340982990932767,0.2727272727272727,0.45454545454545453,0.8181818181818182,0.9090909090909091,,,,,,,4. Coastal Humid Heat Zone (Coastal Belt)
Barguna,wet_bulb,index,11,0.962901677285954,0.6478886883647936,0.5030639748362424,0.5454545454545454,0.8181818181818182,1.0,1.0,,,,,,,4. Coastal Humid Heat Zone (Coastal Belt)
Barguna,wbgt_shade,index,11,0.9611700575911919,0.6466651454469251,0.5125335388350307,0.5454545454545454,0.8181818181818182,1.0,1.0,,,,,,,4. Coastal Humid Heat Zone (Coastal Belt)
Barguna,wbgt_sun,index,11,0.9535492287770617,0.6983333458723298,0.558849031413229,0.45454545454545453,0.8181818181818182,1.0,1.0,,,,,,,4. Coastal Humid Heat Zone (Coastal Belt)
Barguna,cdd,index,11,0.9432219964102988,0.6940505513415597,0.5716631843404472,0.45454545454545453,0.8181818181818182,1.0,1.0,,,,,,,4. Coastal Humid Heat Zone (Coastal Belt)
Barisal,heat_index,index,11,0.9295748764207796,1.5702183348015064,1.3013210145640586,0.18181818181818182,0.45454545454545453,0.7272727272727273,0.9090909090909091,,,,,,,4. Coastal Humid Heat Zone (Coastal Belt)
Barisal,wet_bulb,index,11,0.9659514407189357,0.6312747064829963,0.5214591557156716,0.45454545454545453,0.9090909090909091,1.0,1.0,,,,,,,4. Coastal Humid Heat Zone (Coastal Belt)
Barisal,wbgt_shade,index,11,0.9625689272457468,0.6484824577349851,0.5476709299174248,0.45454545454545453,0.8181818181818182,1.0,1.0,,,,,,,4. Coastal Humid Heat Zone (Coastal Belt)
Barisal,wbgt_sun,index,11,0.9581342447873534,0.6791374473271204,0.5768209313121999,0.45454545454545453,0.8181818181818182,1.0,1.0,,,,,,,4. Coastal Humid Heat Zone (Coastal Belt)
Barisal,cdd,index,11,0.9385833020421398,0.7538506643682659,0.6568430257001219,0.2727272727272727,0.9090909090909091,1.0,1.0,,,,,,,4. Coastal Humid Heat Zone (Coastal Belt)
Bhola,heat_index,index,11,0.9491745192622295,1.326363461229991,1.1439990231621608,0.09090909090909091,0.45454545454545453,0.9090909090909091,1.0,,,,,,,4. Coastal Humid Heat Zone (Coastal Belt)
Bhola,wet_bulb,index,11,0.9649295479419066,0.6156082153198728,0.4887453823418552,0.6363636363636364,0.9090909090909091,1.0,1.0,,,,,,,4. Coastal Humid Heat Zone (Coastal Belt)
Bhola,wbgt_shade,index,11,0.962456435726551,0.6224402875369505,0.5224376680636705,0.5454545454545454,0.9090909090909091,1.0,1.0,,,,,,,4. Coastal Humid Heat Zone (Coastal Belt)
Bhola,wbgt_sun,index,11,0.959100921029472,0.6436982371710747,0.5511336887528896,0.45454545454545453,0.9090909090909091,1.0,1.0,,,,,,,4. Coastal Humid Heat Zone (Coastal Belt)
Bhola,cdd,index,11,0.9412774189465246,0.7398797557750486,0.6394258630534488,0.5454545454545454,0.9090909090909091,1.0,1.0,,,,,,,4. Coastal Humid Heat Zone (Coastal Belt)
Bogra,heat_index,index,11,0.9686954011988153,1.215359331876219,1.0390371386460935,0.2727272727272727,0.45454545454545453,0.9090909090909091,1.0,,,,,,,1. Northwest Extreme Heat Zone (Dry Hot Plains)
Bogra,wet_bulb,index,11,0.9838442928362016,0.5157311268529994,0.412213642774609,0.8181818181818182,0.9090909090909091,1.0,1.0,,,,,,,1. Northwest Extreme Heat Zone (Dry Hot Plains)
Bogra,wbgt_shade,index,11,0.9822301626154726,0.5318939398398344,0.4423671933336171,0.6363636363636364,0.9090909090909091,1.0,1.0,,,,,,,1. Northwest Extreme Heat Zone (Dry Hot Plains)
Bogra,wbgt_sun,index,11,0.9784407975320488,0.5809647998405378,0.4994555378747149,0.45454545454545453,0.9090909090909091,1.0,1.0,,,,,,,1. Northwest Extreme Heat Zone (Dry Hot Plains)
Bogra,cdd,index,11,0.9777834986958458,0.557151400549596,0.48741956825215155,0.45454545454545453,1.0,1.0,1.0,,,,,,,1. Northwest Extreme Heat Zone (Dry Hot Plains)
Brahmanbaria,heat_index,index,11,0.9432062261694826,1.3300843934914506,1.118620454775678,0.18181818181818182,0.36363636363636365,0.8181818181818182,1.0,,,,,,,4. Coastal Humid Heat Zone (Coastal Belt)
Brahmanbaria,wet_bulb,index,11,0.9739603073617066,0.5474201526106071,0.44007369168129723,0.6363636363636364,0.9090909090909091,1.0,1.0,,,,,,,4. Coastal Humid Heat Zone (Coastal Belt)
Brahmanbaria,wbgt_shade,index,11,0.9672194751233065,0.5944012383660305,0.49780691124451176,0.5454545454545454,0.9090909090909091,1.0,1.0,,,,,,,4. Coastal Humid Heat Zone (Coastal Belt)
Brahmanbaria,wbgt_sun,index,11,0.9606711513683537,0.643752885734844,0.5426361921180746,0.45454545454545453,0.9090909090909091,1.0,1.0,,,,,,,4. Coastal Humid Heat Zone (Coastal Belt)
Brahmanbaria,cdd,index,11,0.9464087526756918,0.7358314387533651,0.634307400571699,0.45454545454545453,0.6363636363636364,1.0,1.0,,,,,,,4. Coastal Humid Heat Zone (Coastal Belt)
Chandpur,heat_index,index,11,0.9636858510387322,1.0182656585532168,0.8744599235991537,0.2727272727272727,0.5454545454545454,0.9090909090909091,1.0,,,,,,,4. Coastal Humid Heat Zone (Coastal Belt)
Chandpur,wet_bulb,index,11,0.9614819223863385,0.6781935653944932,0.6244618703605492,0.2727272727272727,0.9090909090909091,1.0,1.0,,,,,,,4. Coastal Humid Heat Zone (Coastal Belt)
Chandpur,wbgt_shade,index,11,0.9673895615037049,0.5908664606937466,0.5147139627500223,0.5454545454545454,0.9090909090909091,1.0,1.0,,,,,,,4. Coastal Humid Heat Zone (Coastal Belt)
Chandpur,wbgt_sun,index,11,0.96618289896822,0.595295151211441,0.5145198781357927,0.5454545454545454,0.9090909090909091,1.0,1.0,,,,,,,4. Coastal Humid Heat Zone (Coastal Belt)
Chandpur,cdd,index,11,0.9507717181198602,0.6611860994912183,0.5335044300391115,0.5454545454545454,0.7272727272727273,1.0,1.0,,,,,,,4. Coastal Humid Heat Zone (Coastal Belt)
Chittagong,heat_index,index,11,0.8909257422446808,1.5286253822994182,1.2492544398648355,0.18181818181818182,0.45454545454545453,0.8181818181818182,0.9090909090909091,,,,,,,4. Coastal Humid Heat Zone (Coastal Belt)
Chittagong,wet_bulb,index,11,0.9552357094112204,0.6187629907924597,0.5111406999062011,0.45454545454545453,0.9090909090909091,1.0,1.0,,,,,,,4. Coastal Humid Heat Zone (Coastal Belt)
Chittagong,wbgt_shade,index,11,0.9423362876931031,0.6592289581828946,0.5492883051997282,0.45454545454545453,0.8181818181818182,1.0,1.0,,,,,,,4. Coastal Humid Heat Zone (Coastal Belt)
Chittagong,wbgt_sun,index,11,0.9333489080355152,0.6981300461685639,0.5918544892603005,0.36363636363636365,0.8181818181818182,1.0,1.0,,,,,,,4. Coastal Humid Heat Zone (Coastal Belt)
Chittagong,cdd,index,11,0.9205586389963053,0.6657110527011361,0.55914094842128,0.45454545454545453,0.9090909090909091,1.0,1.0,,,,,,,4. Coastal Humid Heat Zone (Coastal Belt)
Chuadanga,heat_index,index,11,0.9504158877626311,1.5185916584732786,1.1486096730829969,0.36363636363636365,0.5454545454545454,0.8181818181818182,1.0,,,,,,,3. Southwest Hot-Dry Zone (Drought or Saline)
Chuadanga,wet_bulb,index,11,0.9808688159914288,0.5542747018236986,0.46263735270702,0.6363636363636364,1.0,1.0,1.0,,,,,,,3. Southwest Hot-Dry Zone (Drought or Saline)
Chuadanga,wbgt_shade,index,11,0.9787490690327626,0.5745596925691062,0.47458797209754894,0.5454545454545454,1.0,1.0,1.0,,,,,,,3. Southwest Hot-Dry Zone (Drought or Saline)
Chuadanga,wbgt_sun,index,11,0.9740734815546698,0.6331770605507216,0.5322286849807951,0.45454545454545453,1.0,1.0,1.0,,,,,,,3. Southwest Hot-Dry Zone (Drought or Saline)
Chuadanga,cdd,index,11,0.966114187095086,0.6975482230586996,0.5594523988213225,0.5454545454545454,0.8181818181818182,1.0,1.0,,,,,,,3. Southwest Hot-Dry Zone (Drought or Saline)
Comilla,heat_index,index,11,0.934104474194529,1.456814574830127,1.295305386078592,0.18181818181818182,0.36363636363636365,0.8181818181818182,1.0,,,,,,,4. Coastal Humid Heat Zone (Coastal Belt)
Comilla,wet_bulb,index,11,0.9601330526250671,0.677916133648181,0.5792697377275509,0.5454545454545454,0.8181818181818182,1.0,1.0,,,,,,,4. Coastal Humid Heat Zone (Coastal Belt)
Comilla,wbgt_shade,index,11,0.9543824081763289,0.7091562695775357,0.6089048495765684,0.36363636363636365,0.8181818181818182,1.0,1.0,,,,,,,4. Coastal Humid Heat Zone (Coastal Belt)
Comilla,wbgt_sun,index,11,0.9514375723068332,0.724183034875401,0.6383146901909295,0.36363636363636365,0.8181818181818182,1.0,1.0,,,,,,,4. Coastal Humid Heat Zone (Coastal Belt)
Comilla,cdd,index,11,0.94498372863144,0.7451682063866316,0.6442916566268612,0.36363636363636365,0.7272727272727273,1.0,1.0,,,,,,,4. Coastal Humid Heat Zone (Coastal Belt)
Cox_s Bazar,heat_index,index,11,0.9294979833629823,1.0912529381377476,0.959789022952463,0.18181818181818182,0.6363636363636364,0.9090909090909091,1.0,,,,,,,4. Coastal Humid Heat Zone (Coastal Belt)
Cox_s Bazar,wet_bulb,index,11,0.9619876191751164,0.541018915720044,0.4766602405408565,0.5454545454545454,1.0,1.0,1.0,,,,,,,4. Coastal Humid Heat Zone (Coastal Belt)
Cox_s Bazar,wbgt_shade,index,11,0.9542170837857586,0.5502960299657205,0.47979377941098567,0.5454545454545454,0.9090909090909091,1.0,1.0,,,,,,,4. Coastal Humid Heat Zone (Coastal Belt)
Cox_s Bazar,wbgt_sun,index,11,0.9420720047387919,0.6017890073092259,0.5160289222661902,0.5454545454545454,0.9090909090909091,1.0,1.0,,,,,,,4. Coastal Humid Heat Zone (Coastal Belt)
Cox_s Bazar,cdd,index,11,0.9086179409180718,0.6033230589040423,0.4923193811565321,0.5454545454545454,0.9090909090909091,1.0,1.0,,,,,,,4. Coastal Humid Heat Zone (Coastal Belt)
Dhaka,heat_index,index,11,0.9539161533426233,1.1208648158407226,0.9234771652373491,0.2727272727272727,0.6363636363636364,0.9090909090909091,1.0,,,,,,,2. Central Urban Heat Zone (Urban Heat-Island Region)
Dhaka,wet_bulb,index,11,0.9644421663800161,0.670237777747266,0.6117170564906977,0.36363636363636365,0.9090909090909091,1.0,1.0,,,,,,,2. Central Urban Heat Zone (Urban Heat-Island Region)
Dhaka,wbgt_shade,index,11,0.9691484454487537,0.5836830574868682,0.49572253976419134,0.5454545454545454,0.9090909090909091,1.0,1.0,,,,,,,2. Central Urban Heat Zone (Urban Heat-Island Region)
Dhaka,wbgt_sun,index,11,0.9624799240729728,0.6370049931670234,0.542660241242361,0.45454545454545453,0.9090909090909091,1.0,1.0,,,,,,,2. Central Urban Heat Zone (Urban Heat-Island Region)
Dhaka,cdd,index,11,0.9394321053361149,0.7404316596722396,0.5946922771471435,0.5454545454545454,0.7272727272727273,1.0,1.0,,,,,,,2. Central Urban Heat Zone (Urban Heat-Island Region)
Dinajpur,heat_index,index,11,0.9717966120076443,1.2056845865874237,0.9963376534207945,0.2727272727272727,0.5454545454545454,0.9090909090909091,1.0,,,,,,,1. Northwest Extreme Heat Zone (Dry Hot Plains)
Dinajpur,wet_bulb,index,11,0.9816211925166323,0.5838678814898128,0.46742869511110574,0.7272727272727273,0.9090909090909091,1.0,1.0,,,,,,,1. Northwest Extreme Heat Zone (Dry Hot Plains)
Dinajpur,wbgt_shade,index,11,0.9800226977079507,0.5970881984878302,0.47654468023672353,0.6363636363636364,0.9090909090909091,1.0,1.0,,,,,,,1. Northwest Extreme Heat Zone (Dry Hot Plains)
Dinajpur,wbgt_sun,index,11,0.9764123077633299,0.6432319907311914,0.5222950981497366,0.5454545454545454,0.8181818181818182,1.0,1.0,,,,,,,1. Northwest Extreme Heat Zone (Dry Hot Plains)
Dinajpur,cdd,index,11,0.982454518505166,0.5217962716598524,0.41958194578815816,0.6363636363636364,0.9090909090909091,1.0,1.0,,,,,,,1. Northwest Extreme Heat Zone (Dry Hot Plains)
Faridpur,heat_index,index,11,0.9641602528784626,1.035113220041019,0.837835915594838,0.2727272727272727,0.7272727272727273,0.9090909090909091,1.0,,,,,,,2. Central Urban Heat Zone (Urban Heat-Island Region)
Faridpur,wet_bulb,index,11,0.9681837620170315,0.6394670152892378,0.5757863617057727,0.36363636363636365,1.0,1.0,1.0,,,,,,,2. Central Urban Heat Zone (Urban Heat-Island Region)
Faridpur,wbgt_shade,index,11,0.9740446441632932,0.5463860274522492,0.464854817872159,0.6363636363636364,0.9090909090909091,1.0,1.0,,,,,,,2. Central Urban Heat Zone (Urban Heat-Island Region)
Faridpur,wbgt_sun,index,11,0.9680926867852511,0.600565503901672,0.5105226892540867,0.45454545454545453,0.9090909090909091,1.0,1.0,,,,,,,2. Central Urban Heat Zone (Urban Heat-Island Region)
Faridpur,cdd,index,11,0.958274477370316,0.6519590017234543,0.5458448381811656,0.36363636363636365,0.9090909090909091,1.0,1.0,,,,,,,2. Central Urban Heat Zone (Urban Heat-Island Region)
Feni,heat_index,index,11,0.9525299663379795,1.1690085629899531,1.010104802949997,0.18181818181818182,0.5454545454545454,1.0,1.0,,,,,,,4. Coastal Humid Heat Zone (Coastal Belt)
Feni,wet_bulb,index,11,0.9706880227107324,0.5802800863888322,0.467537626147494,0.45454545454545453,0.9090909090909091,1.0,1.0,,,,,,,4. Coastal Humid Heat Zone (Coastal Belt)
Feni,wbgt_shade,index,11,0.9688400300584159,0.5771920520718333,0.4848533216185661,0.45454545454545453,1.0,1.0,1.0,,,,,,,4. Coastal Humid Heat Zone (Coastal Belt)
Feni,wbgt_sun,index,11,0.966026190368726,0.5961111547752802,0.5205633034502859,0.36363636363636365,1.0,1.0,1.0,,,,,,,4. Coastal Humid Heat Zone (Coastal Belt)
Feni,cdd,index,11,0.9627977057299854,0.5662549471219256,0.512076120783627,0.45454545454545453,1.0,1.0,1.0,,,,,,,4. Coastal Humid Heat Zone (Coastal Belt)
Gaibandha,heat_index,index,11,0.9684493581361255,1.209936681009337,1.029786666321383,0.36363636363636365,0.45454545454545453,0.9090909090909091,1.0,,,,,,,1. Northwest Extreme Heat Zone (Dry Hot Plains)
Gaibandha,wet_bulb,index,11,0.9795188018925505,0.5781167655405905,0.4837225888232565,0.6363636363636364,0.9090909090909091,1.0,1.0,,,,,,,1. Northwest Extreme Heat Zone (Dry Hot Plains)
Gaibandha,wbgt_shade,index,11,0.9786006931194923,0.5806221379361034,0.4904950269053207,0.6363636363636364,0.9090909090909091,1.0,1.0,,,,,,,1. Northwest Extreme Heat Zone (Dry Hot Plains)
Gaibandha,wbgt_sun,index,11,0.9777771373384218,0.5859361785284365,0.5040125829485163,0.6363636363636364,0.9090909090909091,1.0,1.0,,,,,,,1. Northwest Extreme Heat Zone (Dry Hot Plains)
Gaibandha,cdd,index,11,0.9741285680824482,0.5979136403417928,0.481204575551725,0.5454545454545454,0.9090909090909091,1.0,1.0,,,,,,,1. Northwest Extreme Heat Zone (Dry Hot Plains)
Gazipur,heat_index,index,11,0.9314703693910168,1.3569722659092494,1.0148153692261042,0.2727272727272727,0.7272727272727273,0.8181818181818182,1.0,,,,,,,2. Central Urban Heat Zone (Urban Heat-Island Region)
Gazipur,wet_bulb,index,11,0.9591114112154742,0.7199309277330115,0.6285559782380126,0.36363636363636365,0.9090909090909091,1.0,1.0,,,,,,,2. Central Urban Heat Zone (Urban Heat-Island Region)
Gazipur,wbgt_shade,index,11,0.9613421342445966,0.6530048538941035,0.51705394797428,0.5454545454545454,0.9090909090909091,1.0,1.0,,,,,,,2. Central Urban Heat Zone (Urban Heat-Island Region)
Gazipur,wbgt_sun,index,11,0.9535191519208913,0.7076108956918423,0.5659689692861815,0.45454545454545453,0.8181818181818182,1.0,1.0,,,,,,,2. Central Urban Heat Zone (Urban Heat-Island Region)
Gazipur,cdd,index,11,0.9385758363900852,0.7454969618948634,0.6060981325445289,0.5454545454545454,0.8181818181818182,1.0,1.0,,,,,,,2. Central Urban Heat Zone (Urban Heat-Island Region)
Gopalganj,heat_index,index,11,0.9067336957756129,1.8807536004736214,1.4928828688204916,0.36363636363636365,0.36363636363636365,0.5454545454545454,0.8181818181818182,,,,,,,2. Central Urban Heat Zone (Urban Heat-Island Region)
Gopalganj,wet_bulb,index,11,0.969208179744453,0.639283763178784,0.5422769025502764,0.5454545454545454,0.9090909090909091,1.0,1.0,,,,,,,2. Central Urban Heat Zone (Urban Heat-Island Region)
Gopalganj,wbgt_shade,index,11,0.9642949672535707,0.6726604547842067,0.561571676697278,0.45454545454545453,0.8181818181818182,1.0,1.0,,,,,,,2. Central Urban Heat Zone (Urban Heat-Island Region)
Gopalganj,wbgt_sun,index,11,0.9601188912564665,0.705884643995651,0.5808820620161105,0.45454545454545453,0.8181818181818182,1.0,1.0,,,,,,,2. Central Urban Heat Zone (Urban Heat-Island Region)
Gopalganj,cdd,index,11,0.9388564868639907,0.8057319563656224,0.6479648310155749,0.45454545454545453,0.8181818181818182,1.0,1.0,,,,,,,2. Central Urban Heat Zone (Urban Heat-Island Region)
Habiganj,heat_index,index,11,0.9385569511764073,1.4489004986810463,1.3343863436127388,0.18181818181818182,0.2727272727272727,0.9090909090909091,1.0,,,,,,,5. Haor or Wetland Humid Zone (Haor Basin)
Habiganj,wet_bulb,index,11,0.9601836572569921,0.692819235536132,0.5841397246062912,0.36363636363636365,0.8181818181818182,1.0,1.0,,,,,,,5. Haor or Wetland Humid Zone (Haor Basin)
Habiganj,wbgt_shade,index,11,0.9545021664675563,0.7257073395613698,0.6280953097283153,0.2727272727272727,0.8181818181818182,1.0,1.0,,,,,,,5. Haor or Wetland Humid Zone (Haor Basin)
Habiganj,wbgt_sun,index,11,0.9487622196003042,0.7625099920354007,0.6667213498625073,0.2727272727272727,0.8181818181818182,1.0,1.0,,,,,,,5. Haor or Wetland Humid Zone (Haor Basin)
Habiganj,cdd,index,11,0.9507141751544388,0.7336349136117327,0.6321468049858736,0.45454545454545453,0.7272727272727273,1.0,1.0,,,,,,,5. Haor or Wetland Humid Zone (Haor Basin)
Jamalpur,heat_index,index,11,0.9647087030351158,1.1913420069407243,1.0376899782059033,0.18181818181818182,0.45454545454545453,1.0,1.0,,,,,,,2. Central Urban Heat Zone (Urban Heat-Island Region)
Jamalpur,wet_bulb,index,11,0.9805720055781223,0.5323655358218268,0.43658259683028855,0.6363636363636364,0.9090909090909091,1.0,1.0,,,,,,,2. Central Urban Heat Zone (Urban Heat-Island Region)
Jamalpur,wbgt_shade,index,11,0.9777440614473281,0.5564650545282779,0.45763920508742023,0.5454545454545454,0.9090909090909091,1.0,1.0,,,,,,,2. Central Urban Heat Zone (Urban Heat-Island Region)
Jamalpur,wbgt_sun,index,11,0.9767555031885911,0.5624751220285991,0.4782411443338187,0.45454545454545453,0.9090909090909091,1.0,1.0,,,,,,,2. Central Urban Heat Zone (Urban Heat-Island Region)
Jamalpur,cdd,index,11,0.9690561799343413,0.6022142109463383,0.52540287637922,0.45454545454545453,0.9090909090909091,1.0,1.0,,,,,,,2. Central Urban Heat Zone (Urban Heat-Island Region)
Jessore,heat_index,index,11,0.9252911397427274,1.7865610999049026,1.453968925332061,0.2727272727272727,0.36363636363636365,0.7272727272727273,0.9090909090909091,,,,,,,3. Southwest Hot-Dry Zone (Drought or Saline)
Jessore,wet_bulb,index,11,0.9712037310589191,0.6421739625782652,0.5416808377714908,0.5454545454545454,0.9090909090909091,1.0,1.0,,,,,,,3. Southwest Hot-Dry Zone (Drought or Saline)
Jessore,wbgt_shade,index,11,0.9680219884062606,0.6661223684621613,0.5596924343568337,0.36363636363636365,0.9090909090909091,1.0,1.0,,,,,,,3. Southwest Hot-Dry Zone (Drought or Saline)
Jessore,wbgt_sun,index,11,0.962262269628573,0.7209069707039726,0.6025121179911618,0.36363636363636365,0.8181818181818182,1.0,1.0,,,,,,,3. Southwest Hot-Dry Zone (Drought or Saline)
Jessore,cdd,index,11,0.9577230746282892,0.7262125092326218,0.6344571314522169,0.36363636363636365,0.8181818181818182,1.0,1.0,,,,,,,3. Southwest Hot-Dry Zone (Drought or Saline)
Jhalokati,heat_index,index,11,0.9321723875672314,1.5525623239625477,1.2879329108357829,0.18181818181818182,0.45454545454545453,0.7272727272727273,0.9090909090909091,,,,,,,4. Coastal Humid Heat Zone (Coastal Belt)
Jhalokati,wet_bulb,index,11,0.9665421056741481,0.6272368353960239,0.5144695085249263,0.5454545454545454,0.9090909090909091,1.0,1.0,,,,,,,4. Coastal Humid Heat Zone (Coastal Belt)
Jhalokati,wbgt_shade,index,11,0.9632918026076586,0.6435274799815287,0.5418128956012112,0.45454545454545453,0.8181818181818182,1.0,1.0,,,,,,,4. Coastal Humid Heat Zone (Coastal Belt)
Jhalokati,wbgt_sun,index,11,0.9589766841672079,0.6737338809681948,0.5709628969959876,0.45454545454545453,0.8181818181818182,1.0,1.0,,,,,,,4. Coastal Humid Heat Zone (Coastal Belt)
Jhalokati,cdd,index,11,0.9405707652139267,0.7418635871198078,0.6379035530745308,0.45454545454545453,0.9090909090909091,1.0,1.0,,,,,,,4. Coastal Humid Heat Zone (Coastal Belt)
Jhenaidah,heat_index,index,11,0.9108544042484542,1.9438674781496372,1.5640470109616944,0.2727272727272727,0.45454545454545453,0.6363636363636364,0.7272727272727273,,,,,,,3. Southwest Hot-Dry Zone (Drought or Saline)
Jhenaidah,wet_bulb,index,11,0.9707525882040284,0.6577920455466142,0.5525505305532176,0.36363636363636365,0.9090909090909091,1.0,1.0,,,,,,,3. Southwest Hot-Dry Zone (Drought or Saline)
Jhenaidah,wbgt_shade,index,11,0.966551246134205,0.6913111469624866,0.5735172075576418,0.36363636363636365,0.9090909090909091,1.0,1.0,,,,,,,3. Southwest Hot-Dry Zone (Drought or Saline)
Jhenaidah,wbgt_sun,index,11,0.9604272354242326,0.7489290542263558,0.6184036642077014,0.36363636363636365,0.8181818181818182,1.0,1.0,,,,,,,3. Southwest Hot-Dry Zone (Drought or Saline)
Jhenaidah,cdd,index,11,0.9486653243722777,0.808903054311061,0.6692045737655182,0.36363636363636365,0.7272727272727273,1.0,1.0,,,,,,,3. Southwest Hot-Dry Zone (Drought or Saline)
Joypurhat,heat_index,index,11,0.9743260327710747,1.1275922803296572,0.9430710374424898,0.36363636363636365,0.5454545454545454,1.0,1.0,,,,,,,1. Northwest Extreme Heat Zone (Dry Hot Plains)
Joypurhat,wet_bulb,index,11,0.9841340737390422,0.5279563472351689,0.4286946942495872,0.8181818181818182,0.9090909090909091,1.0,1.0,,,,,,,1. Northwest Extreme Heat Zone (Dry Hot Plains)
Joypurhat,wbgt_shade,index,11,0.982936597789709,0.5368603827819403,0.43410376047990434,0.7272727272727273,0.9090909090909091,1.0,1.0,,,,,,,1. Northwest Extreme Heat Zone (Dry Hot Plains)
Joypurhat,wbgt_sun,index,11,0.9793380272794711,0.5854813334191444,0.4801003506848622,0.5454545454545454,0.9090909090909091,1.0,1.0,,,,,,,1. Northwest Extreme Heat Zone (Dry Hot Plains)
Joypurhat,cdd,index,11,0.9783252215030704,0.5597146189318306,0.4208194264270272,0.6363636363636364,0.9090909090909091,1.0,1.0,,,,,,,1. Northwest Extreme Heat Zone (Dry Hot Plains)
Khagrachhari,heat_index,index,11,0.9507337814819371,1.100295361406698,0.9413870464916004,0.2727272727272727,0.6363636363636364,1.0,1.0,,,,,,,6. Hill Tract Zone (Elevated Terrain)
Khagrachhari,wet_bulb,index,11,0.9698416158485943,0.5423308230136,0.4422100271497339,0.5454545454545454,1.0,1.0,1.0,,,,,,,6. Hill Tract Zone (Elevated Terrain)
Khagrachhari,wbgt_shade,index,11,0.9678086722219736,0.5394986292250603,0.4525536761434575,0.5454545454545454,1.0,1.0,1.0,,,,,,,6. Hill Tract Zone (Elevated Terrain)
Khagrachhari,wbgt_sun,index,11,0.9646862960087761,0.5577392574548523,0.4902147558459036,0.36363636363636365,1.0,1.0,1.0,,,,,,,6. Hill Tract Zone (Elevated Terrain)
Khagrachhari,cdd,index,11,0.9505427476662024,0.6243176270841886,0.549979050304869,0.45454545454545453,0.8181818181818182,1.0,1.0,,,,,,,6. Hill Tract Zone (Elevated Terrain)
Khulna,heat_index,index,11,0.9500346734695172,1.441609178424912,1.1808155785225538,0.18181818181818182,0.45454545454545453,0.7272727272727273,1.0,,,,,,,3. Southwest Hot-Dry Zone (Drought or Saline)
Khulna,wet_bulb,index,11,0.9775308658516613,0.5286037461348887,0.4178518894222281,0.8181818181818182,0.9090909090909091,1.0,1.0,,,,,,,3. Southwest Hot-Dry Zone (Drought or Saline)
Khulna,wbgt_shade,index,11,0.9717449812158019,0.58092405050358,0.4651025495239235,0.45454545454545453,0.9090909090909091,1.0,1.0,,,,,,,3. Southwest Hot-Dry Zone (Drought or Saline)
Khulna,wbgt_sun,index,11,0.966116289126333,0.6314737379081908,0.5073464636517154,0.45454545454545453,0.9090909090909091,1.0,1.0,,,,,,,3. Southwest Hot-Dry Zone (Drought or Saline)
Khulna,cdd,index,11,0.9495269433448882,0.7280187087698117,0.6273829218913088,0.45454545454545453,0.8181818181818182,1.0,1.0,,,,,,,3. Southwest Hot-Dry Zone (Drought or Saline)
Kishoreganj,heat_index,index,11,0.9438038589894024,1.3083723720787634,1.1320413031209084,0.18181818181818182,0.5454545454545454,0.9090909090909091,1.0,,,,,,,2. Central Urban Heat Zone (Urban Heat-Island Region)
Kishoreganj,wet_bulb,index,11,0.9559002536495728,0.7353692050745645,0.6763891004431056,0.36363636363636365,0.9090909090909091,1.0,1.0,,,,,,,2. Central Urban Heat Zone (Urban Heat-Island Region)
Kishoreganj,wbgt_shade,index,11,0.9597566938694677,0.6717524095602347,0.589410992611109,0.5454545454545454,0.9090909090909091,1.0,1.0,,,,,,,2. Central Urban Heat Zone (Urban Heat-Island Region)
Kishoreganj,wbgt_sun,index,11,0.9583008731414797,0.6738124416202697,0.589729799734318,0.5454545454545454,0.9090909090909091,1.0,1.0,,,,,,,2. Central Urban Heat Zone (Urban Heat-Island Region)
Kishoreganj,cdd,index,11,0.9445720843425625,0.7356571153458615,0.6123309169908818,0.45454545454545453,0.9090909090909091,1.0,1.0,,,,,,,2. Central Urban Heat Zone (Urban Heat-Island Region)
Kurigram,heat_index,index,11,0.9556378009739851,1.4149332485453041,1.1292246328679878,0.18181818181818182,0.6363636363636364,0.8181818181818182,1.0,,,,,,,1. Northwest Extreme Heat Zone (Dry Hot Plains)
Kurigram,wet_bulb,index,11,0.97065492176973,0.6585410434469428,0.518840691055074,0.45454545454545453,0.9090909090909091,1.0,1.0,,,,,,,1. Northwest Extreme Heat Zone (Dry Hot Plains)
Kurigram,wbgt_shade,index,11,0.971565366650968,0.6444899753094916,0.5192477707042458,0.6363636363636364,0.9090909090909091,1.0,1.0,,,,,,,1. Northwest Extreme Heat Zone (Dry Hot Plains)
Kurigram,wbgt_sun,index,11,0.9706418779034294,0.6498661174891615,0.5243735111023992,0.6363636363636364,0.9090909090909091,1.0,1.0,,,,,,,1. Northwest Extreme Heat Zone (Dry Hot Plains)
Kurigram,cdd,index,11,0.977818783861082,0.5786712793178397,0.4098669794866981,0.7272727272727273,0.9090909090909091,1.0,1.0,,,,,,,1. Northwest Extreme Heat Zone (Dry Hot Plains)
Kushtia,heat_index,index,11,0.9478099314839794,1.5695918329410556,1.2238758735937052,0.36363636363636365,0.5454545454545454,0.7272727272727273,1.0,,,,,,,3. Southwest Hot-Dry Zone (Drought or Saline)
Kushtia,wet_bulb,index,11,0.9797613991892012,0.5692732560150846,0.49885747234943684,0.45454545454545453,1.0,1.0,1.0,,,,,,,3. Southwest Hot-Dry Zone (Drought or Saline)
Kushtia,wbgt_shade,index,11,0.9775223204744984,0.5907584354667555,0.4939874047733248,0.36363636363636365,1.0,1.0,1.0,,,,,,,3. Southwest Hot-Dry Zone (Drought or Saline)
Kushtia,wbgt_sun,index,11,0.9725829169486575,0.6496040366459005,0.5407842471462087,0.36363636363636365,1.0,1.0,1.0,,,,,,,3. Southwest Hot-Dry Zone (Drought or Saline)
Kushtia,cdd,index,11,0.9661737747537033,0.6951446349627427,0.5816383294663613,0.45454545454545453,0.7272727272727273,1.0,1.0,,,,,,,3. Southwest Hot-Dry Zone (Drought or Saline)
Lakshmipur,heat_index,index,11,0.9480113827648795,1.3097924706215558,1.1401185362760904,0.09090909090909091,0.45454545454545453,0.9090909090909091,1.0,,,,,,,4. Coastal Humid Heat Zone (Coastal Belt)
Lakshmipur,wet_bulb,index,11,0.9644428513487953,0.6201354750865443,0.4842943636405311,0.5454545454545454,0.9090909090909091,1.0,1.0,,,,,,,4. Coastal Humid Heat Zone (Coastal Belt)
Lakshmipur,wbgt_shade,index,11,0.959930126615267,0.6389266785109131,0.5284566887345531,0.5454545454545454,0.9090909090909091,1.0,1.0,,,,,,,4. Coastal Humid Heat Zone (Coastal Belt)
Lakshmipur,wbgt_sun,index,11,0.9568916087044483,0.6574088607646984,0.5565755456893391,0.5454545454545454,0.9090909090909091,1.0,1.0,,,,,,,4. Coastal Humid Heat Zone (Coastal Belt)
Lakshmipur,cdd,index,11,0.9343312894103869,0.7365617551184471,0.6402955658546315,0.45454545454545453,0.8181818181818182,1.0,1.0,,,,,,,4. Coastal Humid Heat Zone (Coastal Belt)
Lalmonirhat,heat_index,index,11,0.9509112254783381,1.494959129029899,1.188225996936058,0.18181818181818182,0.6363636363636364,0.8181818181818182,0.9090909090909091,,,,,,,1. Northwest Extreme Heat Zone (Dry Hot Plains)
Lalmonirhat,wet_bulb,index,11,0.9668877869357368,0.7243250389711658,0.5630996493949939,0.6363636363636364,0.9090909090909091,1.0,1.0,,,,,,,1. Northwest Extreme Heat Zone (Dry Hot Plains)
Lalmonirhat,wbgt_shade,index,11,0.9678522878328892,0.7027224456640048,0.5593356728322308,0.6363636363636364,0.9090909090909091,1.0,1.0,,,,,,,1. Northwest Extreme Heat Zone (Dry Hot Plains)
Lalmonirhat,wbgt_sun,index,11,0.9669683728786237,0.708865570223372,0.5585011835567772,0.6363636363636364,0.8181818181818182,1.0,1.0,,,,,,,1. Northwest Extreme Heat Zone (Dry Hot Plains)
Lalmonirhat,cdd,index,11,0.975265768201605,0.603410645955536,0.44108670759490887,0.6363636363636364,0.9090909090909091,1.0,1.0,,,,,,,1. Northwest Extreme Heat Zone (Dry Hot Plains)
Madaripur,heat_index,index,11,0.9626781419377493,1.0445503250600598,0.8819923897837931,0.2727272727272727,0.6363636363636364,0.9090909090909091,1.0,,,,,,,2. Central Urban Heat Zone (Urban Heat-Island Region)
Madaripur,wet_bulb,index,11,0.9652315137811099,0.6593985724817926,0.605832078361471,0.45454545454545453,1.0,1.0,1.0,,,,,,,2. Central Urban Heat Zone (Urban Heat-Island Region)
Madaripur,wbgt_shade,index,11,0.9707895208445008,0.5746874913818552,0.4966994293711945,0.6363636363636364,1.0,1.0,1.0,,,,,,,2. Central Urban Heat Zone (Urban Heat-Island Region)
Madaripur,wbgt_sun,index,11,0.9690365967106881,0.5861003982733225,0.5153030263432247,0.5454545454545454,0.9090909090909091,1.0,1.0,,,,,,,2. Central Urban Heat Zone (Urban Heat-Island Region)
Madaripur,cdd,index,11,0.9569583103750021,0.6660198192656518,0.557680254432634,0.45454545454545453,0.8181818181818182,1.0,1.0,,,,,,,2. Central Urban Heat Zone (Urban Heat-Island Region)
Magura,heat_index,index,11,0.9169370832086262,1.8499273165969297,1.5299700164060452,0.18181818181818182,0.45454545454545453,0.6363636363636364,0.9090909090909091,,,,,,,3. Southwest Hot-Dry Zone (Drought or Saline)
Magura,wet_bulb,index,11,0.9714155668958887,0.639795983822455,0.5435644654181182,0.45454545454545453,0.9090909090909091,1.0,1.0,,,,,,,3. Southwest Hot-Dry Zone (Drought or Saline)
Magura,wbgt_shade,index,11,0.9673858608894474,0.6704703863512385,0.5652474401997694,0.36363636363636365,0.8181818181818182,1.0,1.0,,,,,,,3. Southwest Hot-Dry Zone (Drought or Saline)
Magura,wbgt_sun,index,11,0.9611310858369201,0.7283331910855672,0.6113256375508058,0.36363636363636365,0.8181818181818182,1.0,1.0,,,,,,,3. Southwest Hot-Dry Zone (Drought or Saline)
Magura,cdd,index,11,0.952994964342083,0.7515134746922154,0.6263117667661731,0.2727272727272727,0.7272727272727273,1.0,1.0,,,,,,,3. Southwest Hot-Dry Zone (Drought or Saline)
Manikganj,heat_index,index,11,0.9542171778369888,1.131693659776899,0.9186438121334869,0.2727272727272727,0.6363636363636364,0.9090909090909091,1.0,,,,,,,2. Central Urban Heat Zone (Urban Heat-Island Region)
Manikganj,wet_bulb,index,11,0.962479537143888,0.6921707232767078,0.6339190562460378,0.2727272727272727,0.8181818181818182,1.0,1.0,,,,,,,2. Central Urban Heat Zone (Urban Heat-Island Region)
Manikganj,wbgt_shade,index,11,0.9687507067723075,0.5921955934364047,0.5020387175503935,0.5454545454545454,0.9090909090909091,1.0,1.0,,,,,,,2. Central Urban Heat Zone (Urban Heat-Island Region)
Manikganj,wbgt_sun,index,11,0.9621625749869865,0.6451532107639886,0.5433489369703886,0.45454545454545453,0.9090909090909091,1.0,1.0,,,,,,,2. Central Urban Heat Zone (Urban Heat-Island Region)
Manikganj,cdd,index,11,0.9492758080282484,0.6882686240995092,0.577383156030016,0.5454545454545454,0.9090909090909091,1.0,1.0,,,,,,,2. Central Urban Heat Zone (Urban Heat-Island Region)
Meherpur,heat_index,index,11,0.9499140560728742,1.5331233209549304,1.1552136963557254,0.36363636363636365,0.5454545454545454,0.8181818181818182,1.0,,,,,,,3. Southwest Hot-Dry Zone (Drought or Saline)
Meherpur,wet_bulb,index,11,0.981213064048652,0.5518353780499723,0.46638704109902046,0.5454545454545454,1.0,1.0,1.0,,,,,,,3. Southwest Hot-Dry Zone (Drought or Saline)
Meherpur,wbgt_shade,index,11,0.9791350533381433,0.5713343814965507,0.47082907819048003,0.45454545454545453,1.0,1.0,1.0,,,,,,,3. Southwest Hot-Dry Zone (Drought or Saline)
Meherpur,wbgt_sun,index,11,0.9744997894086725,0.6300607506270808,0.5289430543343705,0.36363636363636365,1.0,1.0,1.0,,,,,,,3. Southwest Hot-Dry Zone (Drought or Saline)
Meherpur,cdd,index,11,0.965337846476678,0.7052719112158734,0.580559231272976,0.5454545454545454,0.7272727272727273,1.0,1.0,,,,,,,3. Southwest Hot-Dry Zone (Drought or Saline)
Moulvibazar,heat_index,index,11,0.9636814704345859,1.1166517614286404,1.0182900298111341,0.09090909090909091,0.45454545454545453,1.0,1.0,,,,,,,5. Haor or Wetland Humid Zone (Haor Basin)
Moulvibazar,wet_bulb,index,11,0.9762136413023369,0.5473888828999517,0.4681510892453476,0.6363636363636364,0.9090909090909091,1.0,1.0,,,,,,,5. Haor or Wetland Humid Zone (Haor Basin)
Moulvibazar,wbgt_shade,index,11,0.9705167408979166,0.5903160622384666,0.5102903415479564,0.5454545454545454,0.9090909090909091,1.0,1.0,,,,,,,5. Haor or Wetland Humid Zone (Haor Basin)
Moulvibazar,wbgt_sun,index,11,0.96984085357851,0.5892404759265498,0.5273923434549769,0.45454545454545453,0.9090909090909091,1.0,1.0,,,,,,,5. Haor or Wetland Humid Zone (Haor Basin)
Moulvibazar,cdd,index,11,0.9500948723180639,0.716530009199788,0.5791542563230682,0.5454545454545454,0.7272727272727273,1.0,1.0,,,,,,,5. Haor or Wetland Humid Zone (Haor Basin)
Munshiganj,heat_index,index,11,0.9532471944818766,1.1272700523578485,0.9329427582979044,0.2727272727272727,0.6363636363636364,0.9090909090909091,1.0,,,,,,,2. Central Urban Heat Zone (Urban Heat-Island Region)
Munshiganj,wet_bulb,index,11,0.9638093168687452,0.6774785039730615,0.6207770963848819,0.36363636363636365,0.9090909090909091,1.0,1.0,,,,,,,2. Central Urban Heat Zone (Urban Heat-Island Region)
Munshiganj,wbgt_shade,index,11,0.9693420931159271,0.5820854706635407,0.4951415465904829,0.5454545454545454,0.9090909090909091,1.0,1.0,,,,,,,2. Central Urban Heat Zone (Urban Heat-Island Region)
Munshiganj,wbgt_sun,index,11,0.9673296204287862,0.5946828432172645,0.5006758991505642,0.45454545454545453,0.9090909090909091,1.0,1.0,,,,,,,2. Central Urban Heat Zone (Urban Heat-Island Region)
Munshiganj,cdd,index,11,0.9422350859873805,0.7216838058439489,0.5796978090760931,0.5454545454545454,0.8181818181818182,1.0,1.0,,,,,,,2. Central Urban Heat Zone (Urban Heat-Island Region)
Mymensingh,heat_index,index,11,0.9603433186547153,1.2461997101434188,1.1220108464662744,0.09090909090909091,0.45454545454545453,0.9090909090909091,1.0,,,,,,,2. Central Urban Heat Zone (Urban Heat-Island Region)
Mymensingh,wet_bulb,index,11,0.9780012588841158,0.5540507353532775,0.4554639000111752,0.6363636363636364,0.9090909090909091,1.0,1.0,,,,,,,2. Central Urban Heat Zone (Urban Heat-Island Region)
Mymensingh,wbgt_shade,index,11,0.9743387343249075,0.5838035199370915,0.5050918532029844,0.45454545454545453,0.9090909090909091,1.0,1.0,,,,,,,2. Central Urban Heat Zone (Urban Heat-Island Region)
Mymensingh,wbgt_sun,index,11,0.9727796079091502,0.5925349692264509,0.516000010471439,0.45454545454545453,0.9090909090909091,1.0,1.0,,,,,,,2. Central Urban Heat Zone (Urban Heat-Island Region)
Mymensingh,cdd,index,11,0.959374540712032,0.6652388271878776,0.5920456941404001,0.2727272727272727,0.8181818181818182,1.0,1.0,,,,,,,2. Central Urban Heat Zone (Urban Heat-Island Region)
Naogaon,heat_index,index,11,0.9637743174069693,1.3329500044481442,1.1120275686859775,0.36363636363636365,0.45454545454545453,0.9090909090909091,1.0,,,,,,,1. Northwest Extreme Heat Zone (Dry Hot Plains)
Naogaon,wet_bulb,index,11,0.9852573766412982,0.5088804588899271,0.4292735057177811,0.7272727272727273,0.9090909090909091,1.0,1.0,,,,,,,1. Northwest Extreme Heat Zone (Dry Hot Plains)
Naogaon,wbgt_shade,index,11,0.9828657860775445,0.5378199342339937,0.45876054942014316,0.45454545454545453,0.9090909090909091,1.0,1.0,,,,,,,1. Northwest Extreme Heat Zone (Dry Hot Plains)
Naogaon,wbgt_sun,index,11,0.9789998114458952,0.5906003428454077,0.5089180850081619,0.36363636363636365,0.9090909090909091,1.0,1.0,,,,,,,1. Northwest Extreme Heat Zone (Dry Hot Plains)
Naogaon,cdd,index,11,0.974802038804946,0.606522996264714,0.5101253964151362,0.6363636363636364,0.9090909090909091,1.0,1.0,,,,,,,1. Northwest Extreme Heat Zone (Dry Hot Plains)
Narail,heat_index,index,11,0.9386474808285946,1.592457230857374,1.3136246441396238,0.18181818181818182,0.45454545454545453,0.7272727272727273,1.0,,,,,,,3. Southwest Hot-Dry Zone (Drought or Saline)
Narail,wet_bulb,index,11,0.9839497089241588,0.4732432929021709,0.38268022908510085,0.6363636363636364,0.9090909090909091,1.0,1.0,,,,,,,3. Southwest Hot-Dry Zone (Drought or Saline)
Narail,wbgt_shade,index,11,0.9777821224941011,0.5456536294730996,0.45561718145745383,0.5454545454545454,1.0,1.0,1.0,,,,,,,3. Southwest Hot-Dry Zone (Drought or Saline)
Narail,wbgt_sun,index,11,0.9731075310085898,0.5973175519113684,0.5054103280832823,0.6363636363636364,0.9090909090909091,1.0,1.0,,,,,,,3. Southwest Hot-Dry Zone (Drought or Saline)
Narail,cdd,index,11,0.9478311474346034,0.7695823770784749,0.6369530319422817,0.2727272727272727,0.8181818181818182,1.0,1.0,,,,,,,3. Southwest Hot-Dry Zone (Drought or Saline)
Narayanganj,heat_index,index,11,0.9522186973513157,1.139144415803104,0.9376701964085954,0.2727272727272727,0.6363636363636364,0.9090909090909091,1.0,,,,,,,2. Central Urban Heat Zone (Urban Heat-Island Region)
Narayanganj,wet_bulb,index,11,0.9623550844225933,0.6905779634322177,0.629740049186935,0.2727272727272727,0.8181818181818182,1.0,1.0,,,,,,,2. Central Urban Heat Zone (Urban Heat-Island Region)
Narayanganj,wbgt_shade,index,11,0.967865879919161,0.5959153244977637,0.5086288413609427,0.5454545454545454,0.9090909090909091,1.0,1.0,,,,,,,2. Central Urban Heat Zone (Urban Heat-Island Region)
Narayanganj,wbgt_sun,index,11,0.9610988380599501,0.6487533136819951,0.5500934698617796,0.45454545454545453,0.9090909090909091,1.0,1.0,,,,,,,2. Central Urban Heat Zone (Urban Heat-Island Region)
Narayanganj,cdd,index,11,0.9411747952544675,0.7297945541796675,0.5852786876341902,0.5454545454545454,0.8181818181818182,1.0,1.0,,,,,,,2. Central Urban Heat Zone (Urban Heat-Island Region)
Narsingdi,heat_index,index,11,0.9474950044180146,1.2088700901271083,1.0091529222567637,0.2727272727272727,0.6363636363636364,0.9090909090909091,1.0,,,,,,,2. Central Urban Heat Zone (Urban Heat-Island Region)
Narsingdi,wet_bulb,index,11,0.9618356067122571,0.6942632531556509,0.6299670096804723,0.2727272727272727,0.8181818181818182,1.0,1.0,,,,,,,2. Central Urban Heat Zone (Urban Heat-Island Region)
Narsingdi,wbgt_shade,index,11,0.9646712388776069,0.6256934668417219,0.5339251449126969,0.5454545454545454,0.9090909090909091,1.0,1.0,,,,,,,2. Central Urban Heat Zone (Urban Heat-Island Region)
Narsingdi,wbgt_sun,index,11,0.9574894189276253,0.6781097511360862,0.5848130537177716,0.5454545454545454,0.9090909090909091,1.0,1.0,,,,,,,2. Central Urban Heat Zone (Urban Heat-Island Region)
Narsingdi,cdd,index,11,0.9382848230787476,0.7526392943555125,0.6306026382346123,0.45454545454545453,0.7272727272727273,1.0,1.0,,,,,,,2. Central Urban Heat Zone (Urban Heat-Island Region)
Natore,heat_index,index,11,0.9582846831175071,1.4265122484100206,1.1764001149896648,0.2727272727272727,0.45454545454545453,0.8181818181818182,1.0,,,,,,,1. Northwest Extreme Heat Zone (Dry Hot Plains)
Natore,wet_bulb,index,11,0.9839007960568039,0.5267982068255254,0.44143121054035495,0.6363636363636364,0.9090909090909091,1.0,1.0,,,,,,,1. Northwest Extreme Heat Zone (Dry Hot Plains)
Natore,wbgt_shade,index,11,0.9813137049425577,0.5569794049149268,0.48030295774163273,0.36363636363636365,0.9090909090909091,1.0,1.0,,,,,,,1. Northwest Extreme Heat Zone (Dry Hot Plains)
Natore,wbgt_sun,index,11,0.9772000768076955,0.6109349674530165,0.5340050354305098,0.36363636363636365,0.9090909090909091,1.0,1.0,,,,,,,1. Northwest Extreme Heat Zone (Dry Hot Plains)
Natore,cdd,index,11,0.9688551777865467,0.6703032958390884,0.5620243989790452,0.45454545454545453,0.8181818181818182,1.0,1.0,,,,,,,1. Northwest Extreme Heat Zone (Dry Hot Plains)
Nawabganj,heat_index,index,11,0.9527933891184825,1.139015412774568,0.9298295541056938,0.2727272727272727,0.6363636363636364,0.9090909090909091,1.0,,,,,,,1. Northwest Extreme Heat Zone (Dry Hot Plains)
Nawabganj,wet_bulb,index,11,0.963529347840215,0.6832377428450246,0.6238250594017326,0.36363636363636365,0.9090909090909091,1.0,1.0,,,,,,,1. Northwest Extreme Heat Zone (Dry Hot Plains)
Nawabganj,wbgt_shade,index,11,0.9689954872048429,0.5878915016372572,0.4975611349034937,0.5454545454545454,0.9090909090909091,1.0,1.0,,,,,,,1. Northwest Extreme Heat Zone (Dry Hot Plains)
Nawabganj,wbgt_sun,index,11,0.9624440060884561,0.6406286413126001,0.5369771166274963,0.45454545454545453,0.9090909090909091,1.0,1.0,,,,,,,1. Northwest Extreme Heat Zone (Dry Hot Plains)
Nawabganj,cdd,index,11,0.9439528895075269,0.7130862177006593,0.5885569257477447,0.45454545454545453,0.8181818181818182,1.0,1.0,,,,,,,1. Northwest Extreme Heat Zone (Dry Hot Plains)
Netrakona,heat_index,index,11,0.9448362085353247,1.4401826279299983,1.270961859714337,0.09090909090909091,0.45454545454545453,0.8181818181818182,1.0,,,,,,,2. Central Urban Heat Zone (Urban Heat-Island Region)
Netrakona,wet_bulb,index,11,0.9714115387763351,0.6164291151022381,0.526946902116553,0.36363636363636365,0.9090909090909091,1.0,1.0,,,,,,,2. Central Urban Heat Zone (Urban Heat-Island Region)
Netrakona,wbgt_shade,index,11,0.967606283061357,0.6421783286784716,0.5671623000052729,0.36363636363636365,0.9090909090909091,1.0,1.0,,,,,,,2. Central Urban Heat Zone (Urban Heat-Island Region)
Netrakona,wbgt_sun,index,11,0.9658119573256035,0.6492920478706858,0.5745262263854443,0.36363636363636365,0.9090909090909091,1.0,1.0,,,,,,,2. Central Urban Heat Zone (Urban Heat-Island Region)
Netrakona,cdd,index,11,0.9426335254432514,0.7722469000003017,0.6694330313752617,0.36363636363636365,0.8181818181818182,1.0,1.0,,,,,,,2. Central Urban Heat Zone (Urban Heat-Island Region)
Nilphamari,heat_index,index,11,0.9517153512056666,1.5216607457475912,1.2659602314507794,0.2727272727272727,0.36363636363636365,0.8181818181818182,1.0,,,,,,,1. Northwest Extreme Heat Zone (Dry Hot Plains)
Nilphamari,wet_bulb,index,11,0.9639742259096951,0.7758238054282803,0.5982012963568586,0.5454545454545454,0.8181818181818182,1.0,1.0,,,,,,,1. Northwest Extreme Heat Zone (Dry Hot Plains)
Nilphamari,wbgt_shade,index,11,0.9645323856081751,0.758046128897288,0.5934584420151988,0.5454545454545454,0.8181818181818182,1.0,1.0,,,,,,,1. Northwest Extreme Heat Zone (Dry Hot Plains)
Nilphamari,wbgt_sun,index,11,0.9603556832832733,0.7963194697501218,0.6343409534644455,0.45454545454545453,0.8181818181818182,1.0,1.0,,,,,,,1. Northwest Extreme Heat Zone (Dry Hot Plains)
Nilphamari,cdd,index,11,0.9698072988637789,0.6619867985101798,0.5460178364919295,0.5454545454545454,0.9090909090909091,1.0,1.0,,,,,,,1. Northwest Extreme Heat Zone (Dry Hot Plains)
Noakhali,heat_index,index,11,0.9471992948212739,1.2908677763307645,1.1459430263227537,0.09090909090909091,0.45454545454545453,0.9090909090909091,1.0,,,,,,,4. Coastal Humid Heat Zone (Coastal Belt)
Noakhali,wet_bulb,index,11,0.9668205632751413,0.5938312228928236,0.4868750259245622,0.6363636363636364,0.9090909090909091,1.0,1.0,,,,,,,4. Coastal Humid Heat Zone (Coastal Belt)
Noakhali,wbgt_shade,index,11,0.9622042602100463,0.6148196438476868,0.5267856028561675,0.6363636363636364,0.9090909090909091,1.0,1.0,,,,,,,4. Coastal Humid Heat Zone (Coastal Belt)
Noakhali,wbgt_sun,index,11,0.9586673249458312,0.6369474765787786,0.554307704149971,0.5454545454545454,0.9090909090909091,1.0,1.0,,,,,,,4. Coastal Humid Heat Zone (Coastal Belt)
Noakhali,cdd,index,11,0.9366855978821373,0.7015585790577124,0.6246155660988684,0.36363636363636365,0.9090909090909091,1.0,1.0,,,,,,,4. Coastal Humid Heat Zone (Coastal Belt)
Pabna,heat_index,index,11,0.944427540562607,1.611314717713474,1.27607998459524,0.36363636363636365,0.5454545454545454,0.7272727272727273,1.0,,,,,,,1. Northwest Extreme Heat Zone (Dry Hot Plains)
Pabna,wet_bulb,index,11,0.9790037967354451,0.5777341335209524,0.5062981264153773,0.36363636363636365,1.0,1.0,1.0,,,,,,,1. Northwest Extreme Heat Zone (Dry Hot Plains)
Pabna,wbgt_shade,index,11,0.97629561836043,0.6041963091478324,0.5074895922618645,0.36363636363636365,1.0,1.0,1.0,,,,,,,1. Northwest Extreme Heat Zone (Dry Hot Plains)
Pabna,wbgt_sun,index,11,0.9712445625125995,0.662010637664859,0.5458445356605562,0.36363636363636365,0.9090909090909091,1.0,1.0,,,,,,,1. Northwest Extreme Heat Zone (Dry Hot Plains)
Pabna,cdd,index,11,0.9662060844305149,0.6911930845427825,0.5762958753515526,0.45454545454545453,0.8181818181818182,1.0,1.0,,,,,,,1. Northwest Extreme Heat Zone (Dry Hot Plains)
Panchagarh,heat_index,index,11,0.96600212123137,1.2889470484522962,1.0695448103468772,0.36363636363636365,0.45454545454545453,0.8181818181818182,1.0,,,,,,,1. Northwest Extreme Heat Zone (Dry Hot Plains)
Panchagarh,wet_bulb,index,11,0.9805166243731835,0.6057332607366837,0.5454590242848912,0.45454545454545453,0.9090909090909091,1.0,1.0,,,,,,,1. Northwest Extreme Heat Zone (Dry Hot Plains)
Panchagarh,wbgt_shade,index,11,0.9790709335646214,0.6142464568914815,0.5441641883850025,0.36363636363636365,0.9090909090909091,1.0,1.0,,,,,,,1. Northwest Extreme Heat Zone (Dry Hot Plains)
Panchagarh,wbgt_sun,index,11,0.9783314596632178,0.6212415245855667,0.5431216347113264,0.45454545454545453,0.8181818181818182,1.0,1.0,,,,,,,1. Northwest Extreme Heat Zone (Dry Hot Plains)
Panchagarh,cdd,index,11,0.9758232285857323,0.6069867608022121,0.4546206941316891,0.5454545454545454,0.9090909090909091,1.0,1.0,,,,,,,1. Northwest Extreme Heat Zone (Dry Hot Plains)
Patuakhali,heat_index,index,11,0.9489143314117672,1.3574369038303558,1.1114686299486374,0.2727272727272727,0.5454545454545454,0.8181818181818182,1.0,,,,,,,4. Coastal Humid Heat Zone (Coastal Belt)
Patuakhali,wet_bulb,index,11,0.95652236224059,0.69079895317209,0.4846400981096211,0.6363636363636364,0.9090909090909091,1.0,1.0,,,,,,,4. Coastal Humid Heat Zone (Coastal Belt)
Patuakhali,wbgt_shade,index,11,0.9580027280303641,0.6634761204599393,0.5023424143888875,0.5454545454545454,0.9090909090909091,1.0,1.0,,,,,,,4. Coastal Humid Heat Zone (Coastal Belt)
Patuakhali,wbgt_sun,index,11,0.9514119325371287,0.7051683187615514,0.5457837434576134,0.5454545454545454,0.8181818181818182,1.0,1.0,,,,,,,4. Coastal Humid Heat Zone (Coastal Belt)
Patuakhali,cdd,index,11,0.9410150238487471,0.6965173672555445,0.5733399749168481,0.5454545454545454,0.8181818181818182,1.0,1.0,,,,,,,4. Coastal Humid Heat Zone (Coastal Belt)
Pirojpur,heat_index,index,11,0.9364746254858284,1.5298927578087027,1.239770871747056,0.2727272727272727,0.36363636363636365,0.7272727272727273,0.9090909090909091,,,,,,,4. Coastal Humid Heat Zone (Coastal Belt)
Pirojpur,wet_bulb,index,11,0.9664273036777338,0.6319774658802212,0.5044395088427494,0.5454545454545454,0.9090909090909091,1.0,1.0,,,,,,,4. Coastal Humid Heat Zone (Coastal Belt)
Pirojpur,wbgt_shade,index,11,0.963796563526693,0.6418775788032374,0.5145324595509968,0.45454545454545453,0.8181818181818182,1.0,1.0,,,,,,,4. Coastal Humid Heat Zone (Coastal Belt)
Pirojpur,wbgt_sun,index,11,0.9565513169916232,0.6951924944145954,0.5596167083997501,0.45454545454545453,0.8181818181818182,1.0,1.0,,,,,,,4. Coastal Humid Heat Zone (Coastal Belt)
Pirojpur,cdd,index,11,0.9413169398349535,0.7380752048185208,0.6247766044545053,0.5454545454545454,0.9090909090909091,1.0,1.0,,,,,,,4. Coastal Humid Heat Zone (Coastal Belt)
Rajbari,heat_index,index,11,0.9614545378205104,1.06664410672581,0.859821892024296,0.2727272727272727,0.6363636363636364,0.9090909090909091,1.0,,,,,,,2. Central Urban Heat Zone (Urban Heat-Island Region)
Rajbari,wet_bulb,index,11,0.9658635548550419,0.6630867059064024,0.5979285811125078,0.36363636363636365,0.9090909090909091,1.0,1.0,,,,,,,2. Central Urban Heat Zone (Urban Heat-Island Region)
Rajbari,wbgt_shade,index,11,0.9717898258273641,0.5692086967261346,0.4845574248707962,0.6363636363636364,0.9090909090909091,1.0,1.0,,,,,,,2. Central Urban Heat Zone (Urban Heat-Island Region)
Rajbari,wbgt_sun,index,11,0.9658051008616239,0.6211114337716988,0.5240593782151883,0.45454545454545453,0.9090909090909091,1.0,1.0,,,,,,,2. Central Urban Heat Zone (Urban Heat-Island Region)
Rajbari,cdd,index,11,0.952109253286235,0.6887174752458918,0.5750997747619276,0.36363636363636365,0.8181818181818182,1.0,1.0,,,,,,,2. Central Urban Heat Zone (Urban Heat-Island Region)
Rajshahi,heat_index,index,11,0.953089053507082,1.5295473016065313,1.24083662163165,0.36363636363636365,0.45454545454545453,0.7272727272727273,1.0,,,,,,,1. Northwest Extreme Heat Zone (Dry Hot Plains)
Rajshahi,wet_bulb,index,11,0.9819262674008026,0.5646379034962247,0.48976147809792053,0.45454545454545453,0.9090909090909091,1.0,1.0,,,,,,,1. Northwest Extreme Heat Zone (Dry Hot Plains)
Rajshahi,wbgt_shade,index,11,0.97926860379207,0.5916518346632142,0.5103748711169729,0.45454545454545453,0.9090909090909091,1.0,1.0,,,,,,,1. Northwest Extreme Heat Zone (Dry Hot Plains)
Rajshahi,wbgt_sun,index,11,0.9748057130766503,0.648458994902373,0.5640583813803478,0.36363636363636365,0.9090909090909091,1.0,1.0,,,,,,,1. Northwest Extreme Heat Zone (Dry Hot Plains)
Rajshahi,cdd,index,11,0.9662852971953192,0.710142293528008,0.5846787400488774,0.45454545454545453,0.7272727272727273,1.0,1.0,,,,,,,1. Northwest Extreme Heat Zone (Dry Hot Plains)
Rangamati,heat_index,index,11,0.9054563431890014,1.432078139020863,1.2400499305162944,0.18181818181818182,0.45454545454545453,0.7272727272727273,1.0,,,,,,,6. Hill Tract Zone (Elevated Terrain)
Rangamati,wet_bulb,index,11,0.9577321100064101,0.6137295338121811,0.5174641720499696,0.5454545454545454,1.0,1.0,1.0,,,,,,,6. Hill Tract Zone (Elevated Terrain)
Rangamati,wbgt_shade,index,11,0.9486992175946134,0.6437449920847338,0.5470097893768433,0.36363636363636365,0.9090909090909091,1.0,1.0,,,,,,,6. Hill Tract Zone (Elevated Terrain)
Rangamati,wbgt_sun,index,11,0.9403144881395751,0.6830818722087065,0.5953775738332593,0.2727272727272727,0.9090909090909091,1.0,1.0,,,,,,,6. Hill Tract Zone (Elevated Terrain)
Rangamati,cdd,index,11,0.9369813363420341,0.6757454855054628,0.5421900947457956,0.45454545454545453,0.8181818181818182,1.0,1.0,,,,,,,6. Hill Tract Zone (Elevated Terrain)
Rangpur,heat_index,index,11,0.9521591800742564,1.4957244784075494,1.2584690061291537,0.18181818181818182,0.36363636363636365,0.8181818181818182,1.0,,,,,,,1. Northwest Extreme Heat Zone (Dry Hot Plains)
Rangpur,wet_bulb,index,11,0.9657993360482536,0.7370736870980613,0.5678660992537317,0.5454545454545454,0.9090909090909091,1.0,1.0,,,,,,,1. Northwest Extreme Heat Zone (Dry Hot Plains)
Rangpur,wbgt_shade,index,11,0.9654266398416756,0.7298709494476672,0.5699616566194863,0.5454545454545454,0.9090909090909091,1.0,1.0,,,,,,,1. Northwest Extreme Heat Zone (Dry Hot Plains)
Rangpur,wbgt_sun,index,11,0.9644160952556401,0.735350345182782,0.5737588013377329,0.5454545454545454,0.9090909090909091,1.0,1.0,,,,,,,1. Northwest Extreme Heat Zone (Dry Hot Plains)
Rangpur,cdd,index,11,0.9715954122246467,0.6331987957060567,0.4988023283921944,0.6363636363636364,0.8181818181818182,1.0,1.0,,,,,,,1. Northwest Extreme Heat Zone (Dry Hot Plains)
Satkhira,heat_index,index,11,0.9426180235229294,1.466494628003708,1.206230863308428,0.18181818181818182,0.36363636363636365,0.8181818181818182,1.0,,,,,,,3. Southwest Hot-Dry Zone (Drought or Saline)
Satkhira,wet_bulb,index,11,0.9814421502447044,0.4894355500809708,0.4135389742850638,0.7272727272727273,1.0,1.0,1.0,,,,,,,3. Southwest Hot-Dry Zone (Drought or Saline)
Satkhira,wbgt_shade,index,11,0.9749298160988458,0.5447347185612987,0.48079847631268663,0.7272727272727273,1.0,1.0,1.0,,,,,,,3. Southwest Hot-Dry Zone (Drought or Saline)
Satkhira,wbgt_sun,index,11,0.9698366879588526,0.5942694591308264,0.5207476533361463,0.5454545454545454,1.0,1.0,1.0,,,,,,,3. Southwest Hot-Dry Zone (Drought or Saline)
Satkhira,cdd,index,11,0.9398637804319064,0.7833866561379397,0.6286085790086198,0.2727272727272727,0.9090909090909091,1.0,1.0,,,,,,,3. Southwest Hot-Dry Zone (Drought or Saline)
Shariatpur,heat_index,index,11,0.9641166255133635,1.0210492307665007,0.8593762771836867,0.2727272727272727,0.6363636363636364,0.9090909090909091,1.0,,,,,,,2. Central Urban Heat Zone (Urban Heat-Island Region)
Shariatpur,wet_bulb,index,11,0.9662891344170077,0.6498306456116366,0.6014804483034084,0.36363636363636365,1.0,1.0,1.0,,,,,,,2. Central Urban Heat Zone (Urban Heat-Island Region)
Shariatpur,wbgt_shade,index,11,0.9723986547441237,0.5580438901222887,0.4903969187343988,0.6363636363636364,1.0,1.0,1.0,,,,,,,2. Central Urban Heat Zone (Urban Heat-Island Region)
Shariatpur,wbgt_sun,index,11,0.9707216006211628,0.5692813360338725,0.5017134580614262,0.7272727272727273,0.9090909090909091,1.0,1.0,,,,,,,2. Central Urban Heat Zone (Urban Heat-Island Region)
Shariatpur,cdd,index,11,0.9616719216290966,0.6255398787592732,0.5015489359023135,0.45454545454545453,0.8181818181818182,1.0,1.0,,,,,,,2. Central Urban Heat Zone (Urban Heat-Island Region)
Sherpur,heat_index,index,11,0.9670317776478375,1.232501397245482,1.0399707228092958,0.2727272727272727,0.5454545454545454,0.9090909090909091,1.0,,,,,,,2. Central Urban Heat Zone (Urban Heat-Island Region)
Sherpur,wet_bulb,index,11,0.9843137275154313,0.5018719124057314,0.4195899126053998,0.7272727272727273,0.9090909090909091,1.0,1.0,,,,,,,2. Central Urban Heat Zone (Urban Heat-Island Region)
Sherpur,wbgt_shade,index,11,0.9824856985165186,0.5212585246827751,0.435848451137232,0.5454545454545454,0.9090909090909091,1.0,1.0,,,,,,,2. Central Urban Heat Zone (Urban Heat-Island Region)
Sherpur,wbgt_sun,index,11,0.9787101080726736,0.569808514329209,0.4794369482798712,0.45454545454545453,0.9090909090909091,1.0,1.0,,,,,,,2. Central Urban Heat Zone (Urban Heat-Island Region)
Sherpur,cdd,index,11,0.980283886033966,0.5157116648930425,0.443158674448708,0.5454545454545454,1.0,1.0,1.0,,,,,,,2. Central Urban Heat Zone (Urban Heat-Island Region)
Sirajganj,heat_index,index,11,0.9545541699538931,1.404172300472158,1.1610749638803581,0.2727272727272727,0.45454545454545453,0.8181818181818182,1.0,,,,,,,1. Northwest Extreme Heat Zone (Dry Hot Plains)
Sirajganj,wet_bulb,index,11,0.9787693004407071,0.5567718466930607,0.4759901062796985,0.5454545454545454,1.0,1.0,1.0,,,,,,,1. Northwest Extreme Heat Zone (Dry Hot Plains)
Sirajganj,wbgt_shade,index,11,0.9773596769868671,0.5675200529521076,0.4764120945135277,0.45454545454545453,1.0,1.0,1.0,,,,,,,1. Northwest Extreme Heat Zone (Dry Hot Plains)
Sirajganj,wbgt_sun,index,11,0.972451177801461,0.6204670641068202,0.5106719769660386,0.45454545454545453,0.9090909090909091,1.0,1.0,,,,,,,1. Northwest Extreme Heat Zone (Dry Hot Plains)
Sirajganj,cdd,index,11,0.9726352544857565,0.585621908620759,0.48835794570283525,0.6363636363636364,1.0,1.0,1.0,,,,,,,1. Northwest Extreme Heat Zone (Dry Hot Plains)
Sunamganj,heat_index,index,11,0.8937603221089698,1.4870827396658532,1.147223334547409,0.45454545454545453,0.45454545454545453,0.7272727272727273,0.9090909090909091,,,,,,,5. Haor or Wetland Humid Zone (Haor Basin)
Sunamganj,wet_bulb,index,11,0.9800694453733029,0.5153489145145438,0.47802646599824494,0.5454545454545454,1.0,1.0,1.0,,,,,,,5. Haor or Wetland Humid Zone (Haor Basin)
Sunamganj,wbgt_shade,index,11,0.9761594010491776,0.5443224564435741,0.4872843538036972,0.6363636363636364,1.0,1.0,1.0,,,,,,,5. Haor or Wetland Humid Zone (Haor Basin)
Sunamganj,wbgt_sun,index,11,0.9732356482419924,0.564256382968401,0.5009345884140001,0.6363636363636364,0.9090909090909091,1.0,1.0,,,,,,,5. Haor or Wetland Humid Zone (Haor Basin)
Sunamganj,cdd,index,11,0.9708770037430423,0.49243827765165377,0.42536504558214977,0.6363636363636364,1.0,1.0,1.0,,,,,,,5. Haor or Wetland Humid Zone (Haor Basin)
Sylhet,heat_index,index,11,0.87285775012362,1.8582754907294556,1.4034840678961877,0.2727272727272727,0.5454545454545454,0.6363636363636364,0.9090909090909091,,,,,,,5. Haor or Wetland Humid Zone (Haor Basin)
Sylhet,wet_bulb,index,11,0.9709836285058496,0.6050127568568667,0.4501468435573725,0.5454545454545454,0.8181818181818182,1.0,1.0,,,,,,,5. Haor or Wetland Humid Zone (Haor Basin)
Sylhet,wbgt_shade,index,11,0.9621180737801972,0.6663287008412387,0.519953967677829,0.5454545454545454,0.8181818181818182,1.0,1.0,,,,,,,5. Haor or Wetland Humid Zone (Haor Basin)
Sylhet,wbgt_sun,index,11,0.9593879646493824,0.6780749895558978,0.5447441300482067,0.5454545454545454,0.8181818181818182,1.0,1.0,,,,,,,5. Haor or Wetland Humid Zone (Haor Basin)
Sylhet,cdd,index,11,0.8154119227551366,1.2321484866252013,1.107032619017,0.18181818181818182,0.5454545454545454,1.0,1.0,,,,,,,5. Haor or Wetland Humid Zone (Haor Basin)
Tangail,heat_index,index,11,0.9642856814164358,1.0345632989621643,0.8362102271482644,0.2727272727272727,0.7272727272727273,0.9090909090909091,1.0,,,,,,,2. Central Urban Heat Zone (Urban Heat-Island Region)
Tangail,wet_bulb,index,11,0.968491643912627,0.6428145644148928,0.5891706654656969,0.45454545454545453,0.8181818181818182,1.0,1.0,,,,,,,2. Central Urban Heat Zone (Urban Heat-Island Region)
Tangail,wbgt_shade,index,11,0.9749141091362898,0.5452152127450628,0.45988832020771686,0.6363636363636364,0.9090909090909091,1.0,1.0,,,,,,,2. Central Urban Heat Zone (Urban Heat-Island Region)
Tangail,wbgt_sun,index,11,0.9693844965429841,0.5960716955963892,0.4956082063072639,0.5454545454545454,0.9090909090909091,1.0,1.0,,,,,,,2. Central Urban Heat Zone (Urban Heat-Island Region)
Tangail,cdd,index,11,0.9736125971015362,0.5396743716076485,0.4676019330263653,0.8181818181818182,0.9090909090909091,1.0,1.0,,,,,,,2. Central Urban Heat Zone (Urban Heat-Island Region)
Thakurgaon,heat_index,index,11,0.9528694552335413,1.5388969380828514,1.231102594588778,0.2727272727272727,0.45454545454545453,0.7272727272727273,1.0,,,,,,,1. Northwest Extreme Heat Zone (Dry Hot Plains)
Thakurgaon,wet_bulb,index,11,0.9762421405978746,0.6644194382330996,0.5786987758410934,0.45454545454545453,0.8181818181818182,1.0,1.0,,,,,,,1. Northwest Extreme Heat Zone (Dry Hot Plains)
Thakurgaon,wbgt_shade,index,11,0.9739563741129087,0.6829385563414454,0.5758940016200554,0.5454545454545454,0.7272727272727273,1.0,1.0,,,,,,,1. Northwest Extreme Heat Zone (Dry Hot Plains)
Thakurgaon,wbgt_sun,index,11,0.9687826371215136,0.7418719909873673,0.6148596046063978,0.5454545454545454,0.7272727272727273,1.0,1.0,,,,,,,1. Northwest Extreme Heat Zone (Dry Hot Plains)
Thakurgaon,cdd,index,11,0.9635496097204885,0.746042417965041,0.5199737540305759,0.5454545454545454,0.8181818181818182,1.0,1.0,,,,,,,1. Northwest Extreme Heat Zone (Dry Hot Plains)
