district,zone,variable,skill_vs_naive,skill_vs_clim,seasonal_naive_R2,seasonal_naive_RMSE,climatology_R2,climatology_RMSE
Bagerhat,3. Southwest Hot-Dry Zone (Drought or Saline),temperature,0.04225239232543099,-0.03747510393909703,0.9571054806947399,0.8608932444214006,0.9634448484019665,0.7947356444287228
Bagerhat,3. Southwest Hot-Dry Zone (Drought or Saline),humidity,0.0793254695454767,-0.05302913255741304,0.7295781885744193,2.7262010251773563,0.7932844235076929,2.3835464482203736
Bagerhat,3. Southwest Hot-Dry Zone (Drought or Saline),solar_radiation,0.03095668094732673,-0.051200711342055616,0.757088940830889,16.901344859346292,0.7935749593073436,15.580407378192312
Bagerhat,3. Southwest Hot-Dry Zone (Drought or Saline),uv,0.009777709808237778,-0.13181224234678957,0.8261308318022718,0.40487917583229116,0.8669119081487872,0.3542287048532929
Bagerhat,3. Southwest Hot-Dry Zone (Drought or Saline),tmax,0.02248354134219499,-0.04559257310827736,0.9032897680569237,1.0636203586884476,0.9154729714325006,0.9943704968089973
Bagerhat,3. Southwest Hot-Dry Zone (Drought or Saline),tmin,0.1702416972844516,-0.040869137269123446,0.9572434151097652,0.9958336478895122,0.9728284783776547,0.7938569872748462
Bagerhat,3. Southwest Hot-Dry Zone (Drought or Saline),dew_point,0.15846506597772925,-0.2293722065854018,0.9572790039626058,0.9239366577854761,0.9799820828593703,0.6324569322336026
Bandarban,6. Hill Tract Zone (Elevated Terrain),temperature,-0.10700151677454173,0.12075886308023964,0.9544358003327906,0.6889013818727916,0.9277722344163466,0.8673557714928145
Bandarban,6. Hill Tract Zone (Elevated Terrain),humidity,0.2976171976285851,-0.05535930060871652,0.4800561915512196,5.185569051040711,0.7696949472473001,3.4511985821886935
Bandarban,6. Hill Tract Zone (Elevated Terrain),solar_radiation,0.20472249593053804,-0.021433946273990978,0.6305697021952612,25.85665645723799,0.7760508948490209,20.13171511080547
Bandarban,6. Hill Tract Zone (Elevated Terrain),uv,0.14169746000442407,-0.00370545649331544,0.5692698331948739,0.7691339166913873,0.6850268639885283,0.657712469352666
Bandarban,6. Hill Tract Zone (Elevated Terrain),tmax,0.14510294382745437,0.03733583812566588,0.8040580253259764,1.136261800006214,0.8454725936324169,1.0090610062550918
Bandarban,6. Hill Tract Zone (Elevated Terrain),tmin,-0.0030709127619084065,0.006489822102633713,0.9534478802123758,0.8582756043667435,0.9525476096513092,0.8665349515547326
Bandarban,6. Hill Tract Zone (Elevated Terrain),dew_point,0.2939151999725058,-0.05886390427666588,0.8905052029774283,1.4274759413632396,0.9513114411247312,0.9518872638217418
Barguna,4. Coastal Humid Heat Zone (Coastal Belt),temperature,0.009559361827151225,-0.020184647568201264,0.9626578980694134,0.7581005695325175,0.9648036121062791,0.7359977565598396
Barguna,4. Coastal Humid Heat Zone (Coastal Belt),humidity,0.24344899615183246,-0.06884474654146033,0.6231521214998531,2.8563063898886587,0.8111951072913033,2.0217543039440646
Barguna,4. Coastal Humid Heat Zone (Coastal Belt),solar_radiation,-0.03136826784984481,-0.09348876248878923,0.7511541641461393,17.64927132164039,0.7786246505012853,16.646625933660488
Barguna,4. Coastal Humid Heat Zone (Coastal Belt),uv,0.04697231535977153,0.024096852275184988,0.7905861812598298,0.46303790318800575,0.800288565019661,0.45218415557397673
Barguna,4. Coastal Humid Heat Zone (Coastal Belt),tmax,0.05549850616675678,-0.04771088987266836,0.8614203753158794,1.0822908868940597,0.8873783818172205,0.975675035274072
Barguna,4. Coastal Humid Heat Zone (Coastal Belt),tmin,0.20724774440912763,-0.03949515801046832,0.9580500688976211,0.9607349812142654,0.9756016035875936,0.7326872256339969
Barguna,4. Coastal Humid Heat Zone (Coastal Belt),dew_point,0.14710269335148962,-0.23685644466848532,0.9569700562201899,0.9029250873664464,0.9795390557540997,0.6226287443783531
Barisal,4. Coastal Humid Heat Zone (Coastal Belt),temperature,0.03402372613531823,-0.028594801531534264,0.9622710759159316,0.7915159137699452,0.966724952094583,0.7433302131700984
Barisal,4. Coastal Humid Heat Zone (Coastal Belt),humidity,0.17990813603344868,-0.001110333902773375,0.712577005958718,2.649075466060892,0.8071220298090774,2.170075728097445
Barisal,4. Coastal Humid Heat Zone (Coastal Belt),solar_radiation,0.09078413421656129,-0.02962805761420717,0.6976672549839077,18.763534794785585,0.7642463306628506,16.569190599884497
Barisal,4. Coastal Humid Heat Zone (Coastal Belt),uv,0.053768188296435815,-0.0720334976752437,0.764753272541167,0.4710142511179825,0.8167255317463229,0.4157413636234908
Barisal,4. Coastal Humid Heat Zone (Coastal Belt),tmax,0.05909767526070686,-0.03472235383201849,0.891613541210363,1.0192447101253712,0.9103776252731853,0.9268280652134038
Barisal,4. Coastal Humid Heat Zone (Coastal Belt),tmin,0.24965299572688116,-0.09632836634255493,0.9469702367113041,1.1155533764360008,0.9751593650761863,0.7635049496238007
Barisal,4. Coastal Humid Heat Zone (Coastal Belt),dew_point,0.2645570221347263,-0.2268770023925195,0.9539321116698297,0.9417427906699892,0.9834463310713008,0.5645212364424974
Bhola,4. Coastal Humid Heat Zone (Coastal Belt),temperature,0.03201790907074986,-0.013452922142091817,0.9622261423429891,0.7508948090985701,0.9655397181227858,0.7172042346504233
Bhola,4. Coastal Humid Heat Zone (Coastal Belt),humidity,0.22614634709073578,-0.07925625194664687,0.6814804498265028,2.577466853077276,0.8362412097233289,1.8481080243072787
Bhola,4. Coastal Humid Heat Zone (Coastal Belt),solar_radiation,0.12433416117278007,-0.01391612549273269,0.6185691159225803,21.33623991258292,0.715495847794062,18.426984195947327
Bhola,4. Coastal Humid Heat Zone (Coastal Belt),uv,0.12205482325901973,-0.014027725482464115,0.6557817763629921,0.5716926347993376,0.7419707177457644,0.4949714674336101
Bhola,4. Coastal Humid Heat Zone (Coastal Belt),tmax,0.04943335225645573,-0.017902531858461135,0.8544987401332254,1.1228863148633275,0.8731123047286777,1.0486055852203673
Bhola,4. Coastal Humid Heat Zone (Coastal Belt),tmin,0.22160680580950665,-0.1399999892013306,0.9385495260263002,1.2093461180715275,0.97135072720933,0.825742804074117
Bhola,4. Coastal Humid Heat Zone (Coastal Belt),dew_point,0.1943471866937203,-0.13526311180009554,0.953130045786193,0.9182945883469826,0.9763953626691588,0.6516785499817702
Bogra,1. Northwest Extreme Heat Zone (Dry Hot Plains),temperature,0.13039525599256174,0.134773715622314,0.9637524544174535,0.8860682460965987,0.9633846662718516,0.8905521760404628
Bogra,1. Northwest Extreme Heat Zone (Dry Hot Plains),humidity,-0.040905744738410243,0.04718440232471899,0.5756296587255805,4.091752971833206,0.49353420622368205,4.470045604651358
Bogra,1. Northwest Extreme Heat Zone (Dry Hot Plains),solar_radiation,0.0917378477466958,0.003706476847198381,0.6485445663259295,22.08499469428635,0.707909062461867,20.13358949685642
Bogra,1. Northwest Extreme Heat Zone (Dry Hot Plains),uv,0.11687961816474812,0.014524127920022778,0.5513762513541383,0.6882675495110799,0.6397283531179508,0.6167813118003052
Bogra,1. Northwest Extreme Heat Zone (Dry Hot Plains),tmax,0.09790322467589885,0.12435304440880524,0.9048176300601041,1.131720317105641,0.898980621876571,1.165905096924012
Bogra,1. Northwest Extreme Heat Zone (Dry Hot Plains),tmin,0.32690151733169726,0.008949523289869199,0.9537517361156972,1.167353939961662,0.9786665493298643,0.7928397031132043
Bogra,1. Northwest Extreme Heat Zone (Dry Hot Plains),dew_point,0.16779237363366228,-0.20104660910228933,0.9409933135143265,1.1782169325617584,0.9716701100528629,0.8163888972841191
Brahmanbaria,4. Coastal Humid Heat Zone (Coastal Belt),temperature,0.001809589655716537,-0.04714040647955242,0.951341962500653,0.8786288254689435,0.9557848055978327,0.8375561313537054
Brahmanbaria,4. Coastal Humid Heat Zone (Coastal Belt),humidity,0.09985295000845029,-0.011563658970921376,0.5295953260776933,4.241865840876838,0.6275121459830194,3.774654209117819
Brahmanbaria,4. Coastal Humid Heat Zone (Coastal Belt),solar_radiation,0.061917676687265,-0.0822842172309739,0.5466750367542916,22.682100381637486,0.6594280394746281,19.659972015537786
Brahmanbaria,4. Coastal Humid Heat Zone (Coastal Belt),uv,0.07289322370548723,-0.055077895826379786,0.5544651609458076,0.6276633943292065,0.6559891569930525,0.5515336719843287
Brahmanbaria,4. Coastal Humid Heat Zone (Coastal Belt),tmax,0.0022153224531713533,0.018706985427355827,0.9030380347708673,1.0864598234040712,0.8997515525357169,1.104718925401628
Brahmanbaria,4. Coastal Humid Heat Zone (Coastal Belt),tmin,0.2550299953500641,0.0781698143950057,0.9473234501808306,1.0985344076450252,0.9655972590489892,0.8877721684003349
Brahmanbaria,4. Coastal Humid Heat Zone (Coastal Belt),dew_point,0.33705727232972693,0.12703629622690749,0.9250866055742486,1.171498520075714,0.9567964808413894,0.8896548859980452
Chandpur,4. Coastal Humid Heat Zone (Coastal Belt),temperature,-0.11725123396246873,-0.3205525326372547,0.935974938866259,0.9567453064135998,0.9541710061269675,0.809452746301324
Chandpur,4. Coastal Humid Heat Zone (Coastal Belt),humidity,-0.16564017258741193,-0.4038897285055698,0.45278990668315233,5.199748677391832,0.6227605358166838,4.317316255442734
Chandpur,4. Coastal Humid Heat Zone (Coastal Belt),solar_radiation,0.1184177868935995,-0.004925922377380765,0.6233460412907224,21.13194188923863,0.7101321318364346,18.538226234505345
Chandpur,4. Coastal Humid Heat Zone (Coastal Belt),uv,0.0604339106988131,-0.2169246470075188,0.6078333614770344,0.6161864003738755,0.7662250681673164,0.47574666837714286
Chandpur,4. Coastal Humid Heat Zone (Coastal Belt),tmax,0.022465250458681085,-0.08259042064421651,0.8826094810896474,1.143128042351142,0.9042874092266435,1.032197739112104
Chandpur,4. Coastal Humid Heat Zone (Coastal Belt),tmin,0.0350225778194605,-0.552527655404512,0.9280737931607995,1.1606517098256806,0.9722129289346922,0.7214059544112942
Chandpur,4. Coastal Humid Heat Zone (Coastal Belt),dew_point,0.027949625107492437,-0.25372297333811145,0.9163183354065977,1.2462729316073031,0.9496957490231955,0.9662741260628994
Chittagong,4. Coastal Humid Heat Zone (Coastal Belt),temperature,0.02467517346091541,0.03869955590660579,0.9526242604597226,0.6785873649616253,0.9512318507035662,0.6884872550402265
Chittagong,4. Coastal Humid Heat Zone (Coastal Belt),humidity,0.31875246324818163,-0.028103213777139313,0.3833111842275192,5.428336429914418,0.7292287632238217,3.596954830977677
Chittagong,4. Coastal Humid Heat Zone (Coastal Belt),solar_radiation,0.13323613630914666,-0.04233154916368176,0.6335233009276011,23.575234778211463,0.7465827379801728,19.60428195824732
Chittagong,4. Coastal Humid Heat Zone (Coastal Belt),uv,-0.02905947553443422,-0.11631538858046242,0.6097007894121331,0.6776031393302868,0.6683310608752329,0.6246388236808322
Chittagong,4. Coastal Humid Heat Zone (Coastal Belt),tmax,0.05276843512502494,0.09529523294472275,0.8134071352982949,1.0270366656436911,0.795452771974095,1.075313829889668
Chittagong,4. Coastal Humid Heat Zone (Coastal Belt),tmin,0.10627726702741735,-0.04629781659614607,0.9625685063914307,0.728899148490903,0.9726893442121977,0.6226083326542208
Chittagong,4. Coastal Humid Heat Zone (Coastal Belt),dew_point,0.2884123129549617,0.018386971723581835,0.9098382715260535,1.2654225952682363,0.9526196297099525,0.9173259846423802
Chuadanga,3. Southwest Hot-Dry Zone (Drought or Saline),temperature,0.1428265954330239,0.0250129071415931,0.9614136777631491,0.926621833437937,0.970175509757808,0.8146524169724974
Chuadanga,3. Southwest Hot-Dry Zone (Drought or Saline),humidity,-0.04718217986975515,0.011754248449550087,0.7128853215866102,3.76163034378274,0.6776186050703431,3.9859642776977164
Chuadanga,3. Southwest Hot-Dry Zone (Drought or Saline),solar_radiation,-0.008905094891878962,-0.12182296156614858,0.7648458065020244,18.033350021657977,0.8098025419350113,16.218190693315115
Chuadanga,3. Southwest Hot-Dry Zone (Drought or Saline),uv,0.0763351076876353,-0.1101775822126434,0.7308320640029333,0.5140020281277644,0.8136766469448481,0.42764836505952075
Chuadanga,3. Southwest Hot-Dry Zone (Drought or Saline),tmax,0.030357790200529533,0.00015305678938948297,0.9181237456227632,1.1857950529683379,0.9229958829448968,1.1499729466966053
Chuadanga,3. Southwest Hot-Dry Zone (Drought or Saline),tmin,0.31946865507670197,-0.18829794091391405,0.9359606424791779,1.388240983033002,0.9789964577956504,0.7950375665336038
Chuadanga,3. Southwest Hot-Dry Zone (Drought or Saline),dew_point,0.2312262957329676,-0.15560071744403037,0.9207538655007087,1.3476895826858168,0.9649280816380341,0.8965625384648888
Comilla,4. Coastal Humid Heat Zone (Coastal Belt),temperature,0.021106463362963956,0.0260873070106733,0.9595062125623852,0.8195182604970654,0.9590909618293889,0.8237094907288531
Comilla,4. Coastal Humid Heat Zone (Coastal Belt),humidity,0.2661026310443503,0.05902853016760734,0.4653612417129066,3.7077484008087915,0.674779293276832,2.8918058446424286
Comilla,4. Coastal Humid Heat Zone (Coastal Belt),solar_radiation,0.14230914845551756,0.006924575488485907,0.5442265661362726,23.241948045912117,0.6600256957236299,20.073406026391762
Comilla,4. Coastal Humid Heat Zone (Coastal Belt),uv,0.09326462809492575,-0.02776293377032646,0.5687698096852967,0.6411015447227861,0.6643517614588352,0.5656065503847387
Comilla,4. Coastal Humid Heat Zone (Coastal Belt),tmax,0.031698685026844586,0.005848959433783385,0.893888029335437,1.0759332385280553,0.8993344940736118,1.047957027834192
Comilla,4. Coastal Humid Heat Zone (Coastal Belt),tmin,0.18560250617703544,-0.01631573130427899,0.9511914122289754,1.071675029288216,0.9686590755113227,0.8587581901589924
Comilla,4. Coastal Humid Heat Zone (Coastal Belt),dew_point,0.3713656799303372,0.047286376978501576,0.9301106480249323,1.1511412057828239,0.9695713672960949,0.7595638938240813
Cox_s Bazar,4. Coastal Humid Heat Zone (Coastal Belt),temperature,-0.08489303214909949,0.10786856276565748,0.9597936701292651,0.5582084959402902,0.94054196061191,0.6788198268289176
Cox_s Bazar,4. Coastal Humid Heat Zone (Coastal Belt),humidity,0.29974365526029156,-0.03755425677291413,0.7153197249155485,3.77038300882874,0.8703269133150373,2.544671381565134
Cox_s Bazar,4. Coastal Humid Heat Zone (Coastal Belt),solar_radiation,0.030955289902003025,-0.21180049762261133,0.7662427410395984,22.0107353230755,0.8505174549788662,17.601401115149574
Cox_s Bazar,4. Coastal Humid Heat Zone (Coastal Belt),uv,0.049441443295652365,-0.127850834520725,0.7209214532124173,0.6636052734445188,0.801764754197843,0.5592899802347262
Cox_s Bazar,4. Coastal Humid Heat Zone (Coastal Belt),tmax,0.02647963622609928,-0.07382689991812796,0.6011653684484426,1.3044751755809256,0.672195897504183,1.1826237055175184
Cox_s Bazar,4. Coastal Humid Heat Zone (Coastal Belt),tmin,0.04726572784492444,0.18756782753702916,0.965022798275752,0.6176314108377167,0.9518989660775525,0.7242926026435818
Cox_s Bazar,4. Coastal Humid Heat Zone (Coastal Belt),dew_point,0.29455998957881413,-0.13016917211742407,0.9388954318315339,0.9489226948047514,0.9761928755883554,0.592307817472845
Dhaka,2. Central Urban Heat Zone (Urban Heat-Island Region),temperature,-0.10106578506651376,-0.2117791295971294,0.9355007864482601,0.9632094699240967,0.9467482337129624,0.8752065168328746
Dhaka,2. Central Urban Heat Zone (Urban Heat-Island Region),humidity,0.024314931117330185,-0.13505418406813896,0.49595403991190257,5.411454879394327,0.627560042647225,4.651650820609948
Dhaka,2. Central Urban Heat Zone (Urban Heat-Island Region),solar_radiation,-0.0022848547374092476,-0.12001784246432767,0.6287011452167286,20.792608071510397,0.7026581337104518,18.606950148858395
Dhaka,2. Central Urban Heat Zone (Urban Heat-Island Region),uv,0.09513023182270997,-0.08693759922556121,0.5307209828508892,0.6609525951472494,0.6747674014189498,0.5502395187848839
Dhaka,2. Central Urban Heat Zone (Urban Heat-Island Region),tmax,0.017593897853870777,-0.014434017197258786,0.8853812642057064,1.1454784547147427,0.8925045434138837,1.1093131782960113
Dhaka,2. Central Urban Heat Zone (Urban Heat-Island Region),tmin,-0.003285244965141043,-0.34575035216976624,0.9443705454462189,1.0237403445366124,0.9690810563389003,0.7632199989345008
Dhaka,2. Central Urban Heat Zone (Urban Heat-Island Region),dew_point,0.15497622006933853,-0.18026458767513986,0.887776747258878,1.4737358443921662,0.9424742936563596,1.0551378452357207
Dinajpur,1. Northwest Extreme Heat Zone (Dry Hot Plains),temperature,0.06492529603043029,0.0995689559954619,0.9630686101277786,0.9363530108871675,0.9601721053520155,0.9723787515947981
Dinajpur,1. Northwest Extreme Heat Zone (Dry Hot Plains),humidity,-0.010633864323679187,0.003304425084808993,0.5525872726139809,5.0864603501105785,0.5399860870883485,5.157591955596711
Dinajpur,1. Northwest Extreme Heat Zone (Dry Hot Plains),solar_radiation,0.09514331232236939,-0.12168761297915354,0.4826754248114806,28.11026715948099,0.6633498106280006,22.67633424613201
Dinajpur,1. Northwest Extreme Heat Zone (Dry Hot Plains),uv,0.20636786583885947,0.031248538853358876,0.40289498683182756,0.8039279881315433,0.5992583661438086,0.6586034814105229
Dinajpur,1. Northwest Extreme Heat Zone (Dry Hot Plains),tmax,0.15582198159943217,0.12913615195704353,0.8856812509717297,1.2949705524627535,0.8925800322245085,1.2552888460368987
Dinajpur,1. Northwest Extreme Heat Zone (Dry Hot Plains),tmin,0.27766899528425626,-0.05701861782972162,0.9609979653461501,1.1146217131517322,0.9817864541538446,0.7616950244376628
Dinajpur,1. Northwest Extreme Heat Zone (Dry Hot Plains),dew_point,0.10479998417460956,-0.24104195530435413,0.9336474048859428,1.2958323440065278,0.9654756788245257,0.9347219325693223
Faridpur,2. Central Urban Heat Zone (Urban Heat-Island Region),temperature,-0.08510832224668441,-0.2694530718405468,0.9346558084488366,0.9999907979268384,0.9522558818569656,0.8547762505527354
Faridpur,2. Central Urban Heat Zone (Urban Heat-Island Region),humidity,-0.16190535725399657,-0.39707758777692415,0.5310839224023943,4.9092804460335175,0.6756636832224768,4.082893677784364
Faridpur,2. Central Urban Heat Zone (Urban Heat-Island Region),solar_radiation,-0.04080496296425795,-0.1197610191980163,0.700079067558238,19.024499523730764,0.7408836623457804,17.683053064654512
Faridpur,2. Central Urban Heat Zone (Urban Heat-Island Region),uv,0.07379756926945613,-0.07456271758934552,0.7051216793936392,0.5256274054488618,0.7809258474340581,0.4530562736044733
Faridpur,2. Central Urban Heat Zone (Urban Heat-Island Region),tmax,-0.005449458998786794,-0.020506252594321372,0.8955301371273737,1.12133318518991,0.8985901420767028,1.1047887668893788
Faridpur,2. Central Urban Heat Zone (Urban Heat-Island Region),tmin,0.08418486023652416,-0.6851502081986711,0.8898069697995759,1.553165955841782,0.967454381696786,0.8440867110864805
Faridpur,2. Central Urban Heat Zone (Urban Heat-Island Region),dew_point,0.08150586697013762,-0.26305947066370083,0.9086163389548362,1.3335611101685068,0.9516747925779492,0.9697627737852527
Feni,4. Coastal Humid Heat Zone (Coastal Belt),temperature,0.014965053581755816,-0.01949957488677101,0.9577825639745771,0.7675138056773986,0.9605886753022366,0.7415676662098324
Feni,4. Coastal Humid Heat Zone (Coastal Belt),humidity,0.4352628854155951,0.12348755738826234,0.570995247806433,4.111908642735093,0.8219103858241547,2.6493034319211803
Feni,4. Coastal Humid Heat Zone (Coastal Belt),solar_radiation,0.15581153961588823,-0.0024396322232405065,0.5119408222355051,24.0290823751354,0.6538735010748024,20.235706373380015
Feni,4. Coastal Humid Heat Zone (Coastal Belt),uv,0.12742923850599408,-0.014443618773428257,0.5244360137597612,0.6594893598770926,0.6481525221773985,0.5672578764317445
Feni,4. Coastal Humid Heat Zone (Coastal Belt),tmax,0.11882105623633255,0.014049105930898254,0.8146712635473233,1.1597352104249157,0.851966360632779,1.03649609114928
Feni,4. Coastal Humid Heat Zone (Coastal Belt),tmin,0.23632136103931933,-0.15356072294348921,0.9399084775794719,1.1325421145004528,0.9736637720833949,0.7497639295142047
Feni,4. Coastal Humid Heat Zone (Coastal Belt),dew_point,0.35421808755235407,-0.1935517756197367,0.9304157367676577,1.1757642003666133,0.9796295670082246,0.6361577850328096
Gaibandha,1. Northwest Extreme Heat Zone (Dry Hot Plains),temperature,0.117525997824804,0.1301243871095784,0.9590218809098422,0.9172089071239594,0.9578263150898528,0.9304928234634622
Gaibandha,1. Northwest Extreme Heat Zone (Dry Hot Plains),humidity,-0.012621790244899511,0.05665708278805959,0.5543909872751459,4.313108932883079,0.4865368069319882,4.62986259762851
Gaibandha,1. Northwest Extreme Heat Zone (Dry Hot Plains),solar_radiation,0.13241039305225188,0.008463158951417138,0.5135511842428191,26.500022548273076,0.6275670289074993,23.18738265181232
Gaibandha,1. Northwest Extreme Heat Zone (Dry Hot Plains),uv,0.17018465634619462,0.06767392830869812,0.47679794572747336,0.7597242428036449,0.5855265614310209,0.6761913591889477
Gaibandha,1. Northwest Extreme Heat Zone (Dry Hot Plains),tmax,0.15043191981341197,0.21624009559960522,0.8926709092220728,1.1800390974266906,0.8738905185819021,1.279120742101339
Gaibandha,1. Northwest Extreme Heat Zone (Dry Hot Plains),tmin,0.296031107787469,0.015268872518088505,0.957904039306066,1.0786354314697286,0.9784864525044147,0.771099611459046
Gaibandha,1. Northwest Extreme Heat Zone (Dry Hot Plains),dew_point,0.10318265158136275,-0.30080613874729645,0.9472777110665392,1.0831292142703093,0.974940228712997,0.7467439159474674
Gazipur,2. Central Urban Heat Zone (Urban Heat-Island Region),temperature,-0.09061662999663667,-0.24807058142997263,0.9272917534593926,1.0195498085633266,0.944479980558472,0.8909255557126042
Gazipur,2. Central Urban Heat Zone (Urban Heat-Island Region),humidity,0.024964140981802108,-0.148840717574509,0.4486669904801077,5.655796985712567,0.6028674060525854,4.800147477397477
Gazipur,2. Central Urban Heat Zone (Urban Heat-Island Region),solar_radiation,0.05148483468299847,-0.07212015900362356,0.5861519189882174,21.89362535722115,0.6760764081271713,19.36950396902567
Gazipur,2. Central Urban Heat Zone (Urban Heat-Island Region),uv,0.08801898596259106,-0.047204067971061914,0.5492212967460378,0.6406584946763598,0.6581210645930466,0.55793173603559
Gazipur,2. Central Urban Heat Zone (Urban Heat-Island Region),tmax,0.0009323102909017944,-0.05754205678422308,0.8780205552222499,1.1856769253988455,0.8911367777544068,1.1201176340935886
Gazipur,2. Central Urban Heat Zone (Urban Heat-Island Region),tmin,-0.009961577205152672,-0.30324546868381597,0.944384690957918,1.0260693312588267,0.966599604343751,0.7951614834054093
Gazipur,2. Central Urban Heat Zone (Urban Heat-Island Region),dew_point,0.15089743726190352,-0.1616356618349606,0.8835045458509915,1.486235037765832,0.9377571586710843,1.0863698669552497
Gopalganj,2. Central Urban Heat Zone (Urban Heat-Island Region),temperature,0.017130141477047278,-0.05032120050888378,0.9600052918284141,0.8554269239190049,0.9649772452872807,0.8004916393972051
Gopalganj,2. Central Urban Heat Zone (Urban Heat-Island Region),humidity,0.054698550908732546,0.06246909970853398,0.769543734200923,2.5995649370731333,0.765707715790542,2.6211109428586488
Gopalganj,2. Central Urban Heat Zone (Urban Heat-Island Region),solar_radiation,0.024794519792549208,-0.06547127256587726,0.7448346920475022,17.24183836481746,0.7862380489455187,15.781124930500125
Gopalganj,2. Central Urban Heat Zone (Urban Heat-Island Region),uv,0.015488310470868072,-0.16174949149475482,0.8068264472543601,0.41861858040113087,0.8612718996996039,0.3547536615047142
Gopalganj,2. Central Urban Heat Zone (Urban Heat-Island Region),tmax,0.041804830474088894,-0.06225340443204086,0.8962728963126629,1.1201095608804825,0.9155997092876733,1.010383742803182
Gopalganj,2. Central Urban Heat Zone (Urban Heat-Island Region),tmin,0.19717788824341376,-0.03356869707461563,0.9568349581752718,1.0244986782813619,0.9739569333879101,0.7957769954891513
Gopalganj,2. Central Urban Heat Zone (Urban Heat-Island Region),dew_point,0.28262304837876107,-0.09322540248978073,0.9536618680229648,0.9692923636791998,0.9800467367856437,0.6360518146599046
Habiganj,5. Haor or Wetland Humid Zone (Haor Basin),temperature,0.09937126460986234,0.10160086665833601,0.95620097650079,0.8699679325545614,0.955983310285896,0.8721269754705037
Habiganj,5. Haor or Wetland Humid Zone (Haor Basin),humidity,0.22410724455095177,0.06447988223623669,0.5082163855167663,3.4811643598482367,0.6617240004618143,2.8871749052175133
Habiganj,5. Haor or Wetland Humid Zone (Haor Basin),solar_radiation,0.13036571831442334,-0.0922779950062882,0.41057686145459915,24.72606653075902,0.6263765597567861,19.68604623062338
Habiganj,5. Haor or Wetland Humid Zone (Haor Basin),uv,0.1649074615821572,0.0070518174472348205,0.45792906609507533,0.7103237027126932,0.6165823006822753,0.5973987710735169
Habiganj,5. Haor or Wetland Humid Zone (Haor Basin),tmax,0.047499796903744396,0.03873053885374689,0.8929670292336152,1.1074004698749706,0.894910955577733,1.0972981199330072
Habiganj,5. Haor or Wetland Humid Zone (Haor Basin),tmin,0.31906770376341476,0.16048219351957227,0.9451132805746536,1.160252509569238,0.9638910121119819,0.941079985983193
Habiganj,5. Haor or Wetland Humid Zone (Haor Basin),dew_point,0.3813324336757111,0.10247823689266655,0.9310280991538599,1.1383122079402352,0.9672284550137978,0.7846459800210932
Jamalpur,2. Central Urban Heat Zone (Urban Heat-Island Region),temperature,0.12376060156496071,0.07866501079520238,0.9508501426859362,0.9586255445016038,0.9555437644019447,0.9117047331107407
Jamalpur,2. Central Urban Heat Zone (Urban Heat-Island Region),humidity,0.10373009951740064,0.1245336432773001,0.6101053562503918,3.333426996085663,0.5913552065251704,3.4126386001078877
Jamalpur,2. Central Urban Heat Zone (Urban Heat-Island Region),solar_radiation,0.1372609448726687,0.011988864573020508,0.4996144242789934,26.491898088525737,0.6184600483838134,23.132932723017298
Jamalpur,2. Central Urban Heat Zone (Urban Heat-Island Region),uv,0.17468156990914874,0.049874820596450764,0.42545761588479125,0.8047129521159844,0.5664856240104752,0.6990072936821462
Jamalpur,2. Central Urban Heat Zone (Urban Heat-Island Region),tmax,0.01008525775741742,-0.00881974846676492,0.8514990295378455,1.3142495677789234,0.8570126145180397,1.2896208902607136
Jamalpur,2. Central Urban Heat Zone (Urban Heat-Island Region),tmin,0.3440655207654606,0.07074514529405318,0.9499004066459802,1.119084049880974,0.9750376513938962,0.7899294900220212
Jamalpur,2. Central Urban Heat Zone (Urban Heat-Island Region),dew_point,0.3286189833907234,-0.05697197205174298,0.961645348881201,0.890954263297347,0.984525051620104,0.5659277585987486
Jessore,3. Southwest Hot-Dry Zone (Drought or Saline),temperature,0.06867514705061639,-0.02460510730784038,0.9617136514089256,0.8836222353311427,0.9683675156739322,0.8031770898984323
Jessore,3. Southwest Hot-Dry Zone (Drought or Saline),humidity,-0.00829799979733803,0.05258000407611452,0.7440154472508307,2.994972553091651,0.7100611065863893,3.1874193575420877
Jessore,3. Southwest Hot-Dry Zone (Drought or Saline),solar_radiation,-0.0517622279195058,-0.13448412157942635,0.7577920076157003,17.647329425727452,0.7918258663034157,16.360559095170288
Jessore,3. Southwest Hot-Dry Zone (Drought or Saline),uv,-0.004138371837207222,-0.07757843179863655,0.7775370114675899,0.4746076530522329,0.8068266935242567,0.44226178061292404
Jessore,3. Southwest Hot-Dry Zone (Drought or Saline),tmax,0.04772439305317189,-0.08857313175419956,0.907726918042665,1.1504983512529592,0.9293869249708714,1.0064473242741416
Jessore,3. Southwest Hot-Dry Zone (Drought or Saline),tmin,0.27733502327199766,-0.08169629609695894,0.9469912244205281,1.2022801027467112,0.9763401981722242,0.803225198798418
Jessore,3. Southwest Hot-Dry Zone (Drought or Saline),dew_point,0.29043733598948296,-0.04375259376636875,0.9431674645539655,1.1061838252133955,0.973734637009969,0.7520045905432766
Jhalokati,4. Coastal Humid Heat Zone (Coastal Belt),temperature,0.03131376521675511,-0.03594261680376243,0.962431169771262,0.788026978651643,0.9671509714628056,0.7368659947718681
Jhalokati,4. Coastal Humid Heat Zone (Coastal Belt),humidity,0.18089589476871915,-0.004655268283884961,0.7192621025651368,2.583785519575371,0.8133856157498309,2.106582618868323
Jhalokati,4. Coastal Humid Heat Zone (Coastal Belt),solar_radiation,0.0907841342165594,-0.02962805761420917,0.6976672549839077,18.763534794785585,0.7642463306628506,16.569190599884497
Jhalokati,4. Coastal Humid Heat Zone (Coastal Belt),uv,0.053768188296435815,-0.0720334976752437,0.764753272541167,0.4710142511179825,0.8167255317463229,0.4157413636234908
Jhalokati,4. Coastal Humid Heat Zone (Coastal Belt),tmax,0.06288651354103525,-0.03029020988986275,0.8920906745210917,1.0266779541724815,0.91072616162782,0.9338279136011403
Jhalokati,4. Coastal Humid Heat Zone (Coastal Belt),tmin,0.2221419672401257,-0.0778280433099292,0.9537351651793937,1.0308981510759259,0.9759035680483881,0.7439891852406807
Jhalokati,4. Coastal Humid Heat Zone (Coastal Belt),dew_point,0.23520698482400126,-0.24856630075782649,0.955223035646704,0.9269107397699776,0.9831996141905556,0.56776709337536
Jhenaidah,3. Southwest Hot-Dry Zone (Drought or Saline),temperature,0.10022612478098136,0.02407563966059789,0.9595616213758247,0.9248402403042915,0.9656261501518836,0.8526758023415675
Jhenaidah,3. Southwest Hot-Dry Zone (Drought or Saline),humidity,-0.14618179563348632,0.026392078906299687,0.7500086901838423,3.16346846451403,0.653531522407073,3.7241993276034986
Jhenaidah,3. Southwest Hot-Dry Zone (Drought or Saline),solar_radiation,-0.048000961534124365,-0.1351142100846099,0.7399748843477743,18.329264251072438,0.7783541830246946,16.922602491167076
Jhenaidah,3. Southwest Hot-Dry Zone (Drought or Saline),uv,6.555223458781789e-05,-0.1010625232880964,0.7390105695083006,0.5149389733441148,0.7847505659955927,0.4676439412414813
Jhenaidah,3. Southwest Hot-Dry Zone (Drought or Saline),tmax,0.02618399747120015,0.0030023233115232806,0.9163003358939896,1.1385286420080214,0.9201473677955486,1.1120561630668933
Jhenaidah,3. Southwest Hot-Dry Zone (Drought or Saline),tmin,0.3442990451714193,-0.030457253307754062,0.9429343251576998,1.276727342537781,0.9768939010660934,0.8124076325054094
Jhenaidah,3. Southwest Hot-Dry Zone (Drought or Saline),dew_point,0.2641847969954233,-0.07325015995050821,0.9390999575355217,1.1552964438309152,0.9713744931468773,0.7920657448465801
Joypurhat,1. Northwest Extreme Heat Zone (Dry Hot Plains),temperature,0.11555535523220328,0.13256140971412,0.9633070878978223,0.9062149269255231,0.9618542624938864,0.9239811879521884
Joypurhat,1. Northwest Extreme Heat Zone (Dry Hot Plains),humidity,-0.06290850229069189,0.017862517668223443,0.5586241112398469,4.805553742483429,0.48304136310169465,5.200762645748409
Joypurhat,1. Northwest Extreme Heat Zone (Dry Hot Plains),solar_radiation,0.10761548944836097,0.007535121954864166,0.621269143269725,23.32295271902525,0.6938005234290128,20.971061250834328
Joypurhat,1. Northwest Extreme Heat Zone (Dry Hot Plains),uv,0.10678761905723522,0.006484020814740643,0.5511906447986887,0.688219579477827,0.6372381094507747,0.6187381603071239
Joypurhat,1. Northwest Extreme Heat Zone (Dry Hot Plains),tmax,0.13280571915794026,0.16310303185685338,0.8998153383208799,1.1987752071899591,0.8924302753569625,1.242173222346499
Joypurhat,1. Northwest Extreme Heat Zone (Dry Hot Plains),tmin,0.3208332462166573,0.019832700490918898,0.9609958000322076,1.0719464628891926,0.98127319051424,0.7427613630801854
Joypurhat,1. Northwest Extreme Heat Zone (Dry Hot Plains),dew_point,0.056709287460869895,-0.2819007509898124,0.9362495357511478,1.2428653120425508,0.965480407140196,0.9145663616169482
Khagrachhari,6. Hill Tract Zone (Elevated Terrain),temperature,0.036032786013353024,0.0727096427635302,0.9514482453483994,0.7586835074562435,0.9475315821144706,0.7886915045248453
Khagrachhari,6. Hill Tract Zone (Elevated Terrain),humidity,0.20821223210609763,0.0817010728685964,0.6095584583404852,3.902307465221695,0.7097278020535015,3.364698821086028
Khagrachhari,6. Hill Tract Zone (Elevated Terrain),solar_radiation,0.19903237630218873,-0.01650987671617954,0.47853955269140125,26.31435415667087,0.6762363476838849,20.734619702958575
Khagrachhari,6. Hill Tract Zone (Elevated Terrain),uv,0.15024291099188303,-0.029586021393532613,0.47533846167526295,0.7478488077724055,0.642609054199806,0.6172284905837612
Khagrachhari,6. Hill Tract Zone (Elevated Terrain),tmax,0.19161720031333696,0.021486676073960154,0.7627772825576735,1.2675596797331543,0.8380962463045354,1.047173725301329
Khagrachhari,6. Hill Tract Zone (Elevated Terrain),tmin,0.2089823309670673,-0.22939062837155766,0.94113313958292,1.0809152787705842,0.9756295557214301,0.695485279050604
Khagrachhari,6. Hill Tract Zone (Elevated Terrain),dew_point,0.3001477696455841,-0.11624721045052233,0.9425326331021784,0.9666740829144036,0.9774101562266547,0.6060745385248532
Khulna,3. Southwest Hot-Dry Zone (Drought or Saline),temperature,0.027329029216315526,-0.04426398527504927,0.9573155737066056,0.8597284580231319,0.9629676939203187,0.8007868945661897
Khulna,3. Southwest Hot-Dry Zone (Drought or Saline),humidity,0.010904150349253183,-0.022839361811920034,0.7482790159335161,2.485259371164727,0.7646136282284395,2.4032705633953335
Khulna,3. Southwest Hot-Dry Zone (Drought or Saline),solar_radiation,-0.070316431597097,-0.1394206020180524,0.7732491829351156,16.515767489104103,0.7999193402342448,15.514110674071508
Khulna,3. Southwest Hot-Dry Zone (Drought or Saline),uv,-0.08669783392666752,-0.14790018965401863,0.8228300009789695,0.40899257870182987,0.8412186353072952,0.387186406425562
Khulna,3. Southwest Hot-Dry Zone (Drought or Saline),tmax,0.007839268513366582,-0.1447498037991286,0.8850053856498321,1.211143290697033,0.9136185650917225,1.0497043190093895
Khulna,3. Southwest Hot-Dry Zone (Drought or Saline),tmin,0.20336557814267409,0.007559021808298039,0.9566125040626984,0.9915398860324447,0.9720441085376257,0.7959111133209956
Khulna,3. Southwest Hot-Dry Zone (Drought or Saline),dew_point,0.26011426532723825,-0.05444164674978014,0.9563721265182885,0.9129333330771622,0.9785193088101053,0.6405914940225592
Kishoreganj,2. Central Urban Heat Zone (Urban Heat-Island Region),temperature,-0.05044731918520551,-0.17808768782703654,0.941564032308319,0.9477991868469117,0.95354060393888,0.8451095153923968
Kishoreganj,2. Central Urban Heat Zone (Urban Heat-Island Region),humidity,0.01452104091466444,-0.1123523587938422,0.5293887315629806,4.514899256214119,0.6306209382051875,3.9999359773135192
Kishoreganj,2. Central Urban Heat Zone (Urban Heat-Island Region),solar_radiation,0.17346867196198523,0.014608992816140032,0.4760106036219026,25.09711766141051,0.6313417577242357,21.051089201529006
Kishoreganj,2. Central Urban Heat Zone (Urban Heat-Island Region),uv,0.19047708714420364,0.04816509950586645,0.4819970593675036,0.7199250947005091,0.6253141720589406,0.6122867100138792
Kishoreganj,2. Central Urban Heat Zone (Urban Heat-Island Region),tmax,0.005559086004649716,-0.023444162741319552,0.8915233028621955,1.1261162696601141,0.8975843996986824,1.094203409657716
Kishoreganj,2. Central Urban Heat Zone (Urban Heat-Island Region),tmin,0.23719258854776015,-0.1131253767143543,0.9450388508184894,1.1054862100501717,0.9741894389355611,0.7575724100133564
Kishoreganj,2. Central Urban Heat Zone (Urban Heat-Island Region),dew_point,0.24675736412170524,-0.01754812716257015,0.9188763491716329,1.2238060334901966,0.9555463569996036,0.9059255851027083
Kurigram,1. Northwest Extreme Heat Zone (Dry Hot Plains),temperature,0.14083297541788886,0.060357254552888207,0.9537296053580788,0.9509574246202116,0.9613158664713011,0.869512657841513
Kurigram,1. Northwest Extreme Heat Zone (Dry Hot Plains),humidity,0.10893475501289407,0.023824585191995373,0.5153202748790019,3.3558909851740983,0.596151818850621,3.0632996667328665
Kurigram,1. Northwest Extreme Heat Zone (Dry Hot Plains),solar_radiation,0.17316644440531703,0.010430512887860233,0.4555696272488632,28.577646528187746,0.6199104396298463,23.878017054048318
Kurigram,1. Northwest Extreme Heat Zone (Dry Hot Plains),uv,0.16126805474279415,0.03537349366455167,0.4592304645721975,0.814740209187213,0.5911724035606036,0.7084074883312608
Kurigram,1. Northwest Extreme Heat Zone (Dry Hot Plains),tmax,0.04275370666164935,-0.030088762410942715,0.8118947312514563,1.438572388436423,0.8375577306093114,1.336844101965164
Kurigram,1. Northwest Extreme Heat Zone (Dry Hot Plains),tmin,0.2219655027120785,-0.2444990450093052,0.9308728655332842,1.4382349863726245,0.9729817555760314,0.8991541127265057
Kurigram,1. Northwest Extreme Heat Zone (Dry Hot Plains),dew_point,0.30654175011708995,-0.12791152510227644,0.9581199738166478,0.9290410237763783,0.9841693949416227,0.571189448887824
Kushtia,3. Southwest Hot-Dry Zone (Drought or Saline),temperature,0.10657022805229299,0.027616537286295317,0.9615648921552948,0.928646881253837,0.967553054710323,0.8532444278958751
Kushtia,3. Southwest Hot-Dry Zone (Drought or Saline),humidity,-0.19749719195206739,-0.01252694628453721,0.7407177516894502,3.420952978522624,0.6373325225397449,4.045898828286289
Kushtia,3. Southwest Hot-Dry Zone (Drought or Saline),solar_radiation,0.04496496119005433,-0.061878141618725735,0.7372690008038232,18.641831280313166,0.7874796285616934,16.766144214196324
Kushtia,3. Southwest Hot-Dry Zone (Drought or Saline),uv,0.12765359831599632,-0.02451360286907267,0.7155817350010092,0.5206090081676377,0.7937946292005775,0.44328488532265475
Kushtia,3. Southwest Hot-Dry Zone (Drought or Saline),tmax,-0.07734091313449376,-0.06904540600963638,0.9011649529653747,1.2969733647833976,0.8996251345745245,1.3070375320562087
Kushtia,3. Southwest Hot-Dry Zone (Drought or Saline),tmin,0.29673245354731304,-0.20629006477195344,0.9356245749190913,1.3929414195397631,0.9781194738470156,0.8120853541616836
Kushtia,3. Southwest Hot-Dry Zone (Drought or Saline),dew_point,0.18787142494622477,-0.176106117641317,0.9309351586324653,1.2490397625718554,0.9670683429692117,0.8624909498790208
Lakshmipur,4. Coastal Humid Heat Zone (Coastal Belt),temperature,0.02302858452689238,-0.02505950578641003,0.9600632061875346,0.7661862405443354,0.963722382642529,0.7302425388137328
Lakshmipur,4. Coastal Humid Heat Zone (Coastal Belt),humidity,0.30173066181439456,0.05268019444939931,0.6578115588398579,2.9971748193322707,0.8140834527896417,2.2092172730467823
Lakshmipur,4. Coastal Humid Heat Zone (Coastal Belt),solar_radiation,0.13138835881659694,-0.007381413754660837,0.6144075809461574,21.328736978721775,0.7133236210505276,18.39064030614387
Lakshmipur,4. Coastal Humid Heat Zone (Coastal Belt),uv,0.03415178989024936,-0.21935945911072374,0.6368095702386756,0.5882065052382416,0.7721292133954304,0.46591527708621266
Lakshmipur,4. Coastal Humid Heat Zone (Coastal Belt),tmax,0.08844542527630683,-0.06479493951837911,0.8686453010487122,1.084341943795541,0.9037326523375483,0.9282884645175815
Lakshmipur,4. Coastal Humid Heat Zone (Coastal Belt),tmin,0.2090469872151549,-0.08872178368725292,0.9442588421676642,1.0720721021126491,0.9705799416621176,0.7788570705517979
Lakshmipur,4. Coastal Humid Heat Zone (Coastal Belt),dew_point,0.25506648879172333,-0.15594268320597204,0.9500525128640975,0.9556778933258491,0.9792567851166336,0.6158752497008544
Lalmonirhat,1. Northwest Extreme Heat Zone (Dry Hot Plains),temperature,0.09147985982835971,0.011663092650846307,0.945428884068624,1.0427884770231595,0.9538871540599815,0.9585742738834728
Lalmonirhat,1. Northwest Extreme Heat Zone (Dry Hot Plains),humidity,0.18762142816301886,0.04893768787443076,0.47206471628147995,4.581716911432501,0.6148058676088818,3.9136117514237596
Lalmonirhat,1. Northwest Extreme Heat Zone (Dry Hot Plains),solar_radiation,0.1820765594117113,-0.017784540555035866,0.4111145642390879,29.33938479716238,0.6196841521315214,23.578045845491154
Lalmonirhat,1. Northwest Extreme Heat Zone (Dry Hot Plains),uv,0.21030566638678183,0.02593684168068522,0.41009185577905205,0.8421801960491263,0.6122710753600937,0.6827739279748474
Lalmonirhat,1. Northwest Extreme Heat Zone (Dry Hot Plains),tmax,0.08296156581274172,-0.06650756233345922,0.7386992364758405,1.6469319570061882,0.8068085616452214,1.4161173876362017
Lalmonirhat,1. Northwest Extreme Heat Zone (Dry Hot Plains),tmin,0.2574581620832347,-0.05908933327433519,0.948348754045506,1.232663834721312,0.9746103057218328,0.8642372655550106
Lalmonirhat,1. Northwest Extreme Heat Zone (Dry Hot Plains),dew_point,0.31105101113105127,-0.08306338463291851,0.9532203384030715,1.0475226629525924,0.9810711834438609,0.6663411298897327
Madaripur,2. Central Urban Heat Zone (Urban Heat-Island Region),temperature,-0.12002363549710338,-0.36505565351050295,0.9331729066812043,1.0093975061519598,0.9550110113070456,0.8282073053905191
Madaripur,2. Central Urban Heat Zone (Urban Heat-Island Region),humidity,-0.2093908255945578,-0.4771192572036509,0.4663274475768199,5.007999257750185,0.6422521056174182,4.100297472509627
Madaripur,2. Central Urban Heat Zone (Urban Heat-Island Region),solar_radiation,0.07195543190166087,-0.04550301252500111,0.6895831486850216,19.019397492368974,0.7554135584761157,16.88263765846788
Madaripur,2. Central Urban Heat Zone (Urban Heat-Island Region),uv,0.06361933826066157,-0.13660240074862662,0.7052814519948467,0.5094264217446964,0.7999699687371472,0.41968682239859195
Madaripur,2. Central Urban Heat Zone (Urban Heat-Island Region),tmax,0.02557822574669133,-0.0800037547209409,0.8873590437143087,1.1502788704546394,0.9083062449697903,1.0378267417450937
Madaripur,2. Central Urban Heat Zone (Urban Heat-Island Region),tmin,0.03255040293427769,-0.7834925949263081,0.9130061879046819,1.407498679265902,0.9744022120342499,0.7634929542180671
Madaripur,2. Central Urban Heat Zone (Urban Heat-Island Region),dew_point,0.04652789109932043,-0.268057449424705,0.9188175724652384,1.2421455767086917,0.9541013236684411,0.933988568990629
Magura,3. Southwest Hot-Dry Zone (Drought or Saline),temperature,0.044897432279934146,-0.015217540165050503,0.9595091161454867,0.9032083543660853,0.9641623885131182,0.8497258807220919
Magura,3. Southwest Hot-Dry Zone (Drought or Saline),humidity,-0.11379289791195135,0.04065613504607102,0.7605910975714469,2.9817740865624933,0.6772988009718874,3.4618231502952184
Magura,3. Southwest Hot-Dry Zone (Drought or Saline),solar_radiation,-0.04501339377724256,-0.1242520409849337,0.7188641363778709,18.699618376023572,0.7570971586771511,17.38164659620979
Magura,3. Southwest Hot-Dry Zone (Drought or Saline),uv,0.06862937933847923,-0.06893424796565983,0.7197429201461869,0.5184429689867132,0.7872352499112898,0.45172334100223244
Magura,3. Southwest Hot-Dry Zone (Drought or Saline),tmax,-0.008342996873720976,-0.12740926922518336,0.8820852076146066,1.2929162315395937,0.9056761191187295,1.1563706838363028
Magura,3. Southwest Hot-Dry Zone (Drought or Saline),tmin,0.29453596158965933,-0.01673702313084169,0.9476829021169135,1.1720887189168105,0.9748130181603076,0.8132549737159007
Magura,3. Southwest Hot-Dry Zone (Drought or Saline),dew_point,0.28953858361327023,-0.05669140899764602,0.9441702984587006,1.091592392575228,0.9747622898861177,0.7339269258199328
Manikganj,2. Central Urban Heat Zone (Urban Heat-Island Region),temperature,-0.09299281704642337,-0.24864843895330035,0.9325911140304174,0.9994790604145106,0.9483498712492062,0.8748847151381616
Manikganj,2. Central Urban Heat Zone (Urban Heat-Island Region),humidity,-0.026166989799176754,-0.20130072402100718,0.5008576908598136,5.238652881877815,0.635785706049931,4.474926678147356
Manikganj,2. Central Urban Heat Zone (Urban Heat-Island Region),solar_radiation,-0.006974790851678181,-0.09622104738910853,0.6679132072654206,19.90965286469075,0.7197842589743433,18.288755335524197
Manikganj,2. Central Urban Heat Zone (Urban Heat-Island Region),uv,0.09746599582010906,-0.07152713831275315,0.6309335422859405,0.5936041582954604,0.7381664018148342,0.4999854121546884
Manikganj,2. Central Urban Heat Zone (Urban Heat-Island Region),tmax,0.003686978874649083,-0.03079333746647661,0.8882208081606089,1.1391790420706127,0.8955738246054429,1.1010731945528967
Manikganj,2. Central Urban Heat Zone (Urban Heat-Island Region),tmin,0.047601701573956046,-0.4320622988296847,0.9325759745495624,1.161669882511539,0.970178596665967,0.772572827551515
Manikganj,2. Central Urban Heat Zone (Urban Heat-Island Region),dew_point,0.13346853413907078,-0.20148731947975085,0.895045776752483,1.4178498099527141,0.9454078484407371,1.0225754814632246
Meherpur,3. Southwest Hot-Dry Zone (Drought or Saline),temperature,0.13601978838749618,0.0276033087344959,0.962075980022676,0.9181901163778148,0.9700611569822838,0.8158173492098104
Meherpur,3. Southwest Hot-Dry Zone (Drought or Saline),humidity,-0.042991028999489034,0.004915853063395037,0.7105823977460393,3.76301286990857,0.6820444044148688,3.9441776631723395
Meherpur,3. Southwest Hot-Dry Zone (Drought or Saline),solar_radiation,-0.008905094891878962,-0.12182296156614858,0.7648458065020244,18.033350021657977,0.8098025419350113,16.218190693315115
Meherpur,3. Southwest Hot-Dry Zone (Drought or Saline),uv,0.0763351076876353,-0.1101775822126434,0.7308320640029333,0.5140020281277644,0.8136766469448481,0.42764836505952075
Meherpur,3. Southwest Hot-Dry Zone (Drought or Saline),tmax,0.03497683567901422,-0.016589594663694918,0.9143734854344625,1.2139680376746964,0.922839963832183,1.1523896007305954
Meherpur,3. Southwest Hot-Dry Zone (Drought or Saline),tmin,0.305740473633326,-0.19360048079621262,0.9380533378896582,1.3693641784948978,0.9790422992262923,0.7964927471805137
Meherpur,3. Southwest Hot-Dry Zone (Drought or Saline),dew_point,0.211236426340502,-0.1783040422944262,0.9230209547157385,1.3371617723535723,0.9655053710757522,0.8951038613673277
Moulvibazar,5. Haor or Wetland Humid Zone (Haor Basin),temperature,0.11142216384343795,0.06423169322002675,0.9488270360334878,0.893645740866027,0.9538581651077929,0.8485794966082051
Moulvibazar,5. Haor or Wetland Humid Zone (Haor Basin),humidity,0.3278437616194443,0.06561709842380159,0.3618451517676071,3.805316693133076,0.6697698093391977,2.7373867287044735
Moulvibazar,5. Haor or Wetland Humid Zone (Haor Basin),solar_radiation,0.2728143516035654,0.014126491154715315,0.2850661411217761,27.853242327933156,0.6110318244159048,20.544702642334283
Moulvibazar,5. Haor or Wetland Humid Zone (Haor Basin),uv,0.19225491059386302,0.005720907358653382,0.4050929319806892,0.7846863342316949,0.6073720910863717,0.6374734598069098
Moulvibazar,5. Haor or Wetland Humid Zone (Haor Basin),tmax,0.12340378859658618,-0.02462110238060289,0.8017836125969374,1.296141679754993,0.8549184645698055,1.1088907726724104
Moulvibazar,5. Haor or Wetland Humid Zone (Haor Basin),tmin,0.33475063525569393,0.11773476149950457,0.9522682016121217,1.0670075512478256,0.9728619650086588,0.8045495443653876
Moulvibazar,5. Haor or Wetland Humid Zone (Haor Basin),dew_point,0.38155924171810685,0.10717514552447205,0.9509300521008452,0.9593882967698247,0.976456053537942,0.6645478368650939
Munshiganj,2. Central Urban Heat Zone (Urban Heat-Island Region),temperature,-0.09607153127625612,-0.25475540854623646,0.93171843793208,0.990153586979693,0.9478969567184553,0.8649328394104455
Munshiganj,2. Central Urban Heat Zone (Urban Heat-Island Region),humidity,-0.023957540619977014,-0.20650797998322434,0.48553198375920537,5.364864369941047,0.6294371480650723,4.553134680535606
Munshiganj,2. Central Urban Heat Zone (Urban Heat-Island Region),solar_radiation,0.07171089636835493,-0.03801281797941103,0.6504368241635362,20.165513452017226,0.7204324575637269,18.033906790365137
Munshiganj,2. Central Urban Heat Zone (Urban Heat-Island Region),uv,0.07556240747396525,-0.13049934797350504,0.6209473107049501,0.5793902533185807,0.7465372482264154,0.4737819016623006
Munshiganj,2. Central Urban Heat Zone (Urban Heat-Island Region),tmax,0.0035543580398113006,-0.061523881994629104,0.8800774653317619,1.1669222109980688,0.8943307841341357,1.0953823756378347
Munshiganj,2. Central Urban Heat Zone (Urban Heat-Island Region),tmin,0.016773889751756532,-0.36129616076659943,0.9414186142935099,1.0511597410842932,0.9694394471076359,0.7592232559400155
Munshiganj,2. Central Urban Heat Zone (Urban Heat-Island Region),dew_point,0.12814936380358377,-0.19208521303445858,0.8962048280992391,1.402878534189375,0.9444803488929957,1.0260177117925104
Mymensingh,2. Central Urban Heat Zone (Urban Heat-Island Region),temperature,0.13368345412056737,0.11653104882094234,0.9518917674863319,0.9311592565495631,0.9537416607110357,0.9130809517653143
Mymensingh,2. Central Urban Heat Zone (Urban Heat-Island Region),humidity,0.1437121614050353,0.19773943383260517,0.6436642725330083,2.729963932819418,0.5940542218543159,2.9138100687705895
Mymensingh,2. Central Urban Heat Zone (Urban Heat-Island Region),solar_radiation,0.1708741883696132,0.01828072842215367,0.4553545483678826,26.88232411478388,0.6115097541301658,22.703872120548354
Mymensingh,2. Central Urban Heat Zone (Urban Heat-Island Region),uv,0.1894697967855692,0.03271683678128334,0.46914623804937006,0.7645076572037469,0.6272599593454198,0.6406154581357353
Mymensingh,2. Central Urban Heat Zone (Urban Heat-Island Region),tmax,0.04596947361030468,0.07250644547486385,0.8521638132450604,1.2375276217644142,0.8435831650463478,1.2729351300108633
Mymensingh,2. Central Urban Heat Zone (Urban Heat-Island Region),tmin,0.32632404644522095,0.0949044463399823,0.9519774175867142,1.097923792483438,0.9733952771414008,0.8172008522644818
Mymensingh,2. Central Urban Heat Zone (Urban Heat-Island Region),dew_point,0.35027744786645876,0.0321841499481168,0.9656015849437034,0.8352288564738276,0.9844972460257012,0.5607130986898622
Naogaon,1. Northwest Extreme Heat Zone (Dry Hot Plains),temperature,0.10921160611312253,0.10277465876129621,0.9635807735842444,0.9120646515842885,0.9641014626547235,0.9055212428397199
Naogaon,1. Northwest Extreme Heat Zone (Dry Hot Plains),humidity,-0.12486671551060824,0.0006136883858056663,0.6111533727409579,4.477592962168745,0.5073781446274199,5.039788148201644
Naogaon,1. Northwest Extreme Heat Zone (Dry Hot Plains),solar_radiation,0.10589543143074975,0.023328281093319858,0.675951563477821,21.413532079878255,0.7284252840616068,19.603246916226844
Naogaon,1. Northwest Extreme Heat Zone (Dry Hot Plains),uv,0.10744289316706912,0.023430964237028173,0.6219088939723316,0.6310851674612965,0.6841633051374676,0.5767944001975781
Naogaon,1. Northwest Extreme Heat Zone (Dry Hot Plains),tmax,0.026188641129845758,0.06998370756837158,0.9099148503702945,1.1861872243513871,0.9012307484787003,1.2420455450300205
Naogaon,1. Northwest Extreme Heat Zone (Dry Hot Plains),tmin,0.3415360566115657,-0.010859588733973968,0.9528851080646492,1.1898286074924387,0.980008723480379,0.7750425930341768
Naogaon,1. Northwest Extreme Heat Zone (Dry Hot Plains),dew_point,0.10351214724523095,-0.20860089886931976,0.9331164608842014,1.279039623048217,0.963200472842538,0.9487362505914754
Narail,3. Southwest Hot-Dry Zone (Drought or Saline),temperature,0.0001373364156135315,-0.04642650146020788,0.9630013648270928,0.8458292589373692,0.9662208321183982,0.8081915878454893
Narail,3. Southwest Hot-Dry Zone (Drought or Saline),humidity,-0.0701011463241088,-0.018730750518371364,0.755090572035474,2.854582577112307,0.729768276371777,2.998527419036244
Narail,3. Southwest Hot-Dry Zone (Drought or Saline),solar_radiation,-0.058641835898585404,-0.13706340787070181,0.7405463945619342,17.860930372843978,0.7751005215941722,16.629088571386397
Narail,3. Southwest Hot-Dry Zone (Drought or Saline),uv,-0.036883385214476316,-0.06084645553496282,0.7996105137565047,0.44719489406811613,0.8085613145335414,0.4370933731198156
Narail,3. Southwest Hot-Dry Zone (Drought or Saline),tmax,0.013432073436918879,-0.12596414755332597,0.8880092079550149,1.2210840525150664,0.9140220320203339,1.0699118302005965
Narail,3. Southwest Hot-Dry Zone (Drought or Saline),tmin,0.21235315387332232,-0.026752103654486215,0.9576833598184707,1.038225641657642,0.9750974940389092,0.7964484799289702
Narail,3. Southwest Hot-Dry Zone (Drought or Saline),dew_point,0.29383033087893884,-0.05105252350754541,0.9475606337867417,1.0508235329054576,0.9763284489293299,0.7060158174208925
Narayanganj,2. Central Urban Heat Zone (Urban Heat-Island Region),temperature,-0.08891700651180479,-0.22883306541981163,0.9320415318446432,0.9874058196329695,0.9466361242333395,0.8749788881696001
Narayanganj,2. Central Urban Heat Zone (Urban Heat-Island Region),humidity,0.012549570892080308,-0.15676174668338638,0.48202749755825847,5.460651630563003,0.6225586524941487,4.66139445851174
Narayanganj,2. Central Urban Heat Zone (Urban Heat-Island Region),solar_radiation,-0.0022848547374092476,-0.12001784246432767,0.6287011452167286,20.792608071510397,0.7026581337104518,18.606950148858395
Narayanganj,2. Central Urban Heat Zone (Urban Heat-Island Region),uv,0.09513023182270997,-0.08693759922556121,0.5307209828508892,0.6609525951472494,0.6747674014189498,0.5502395187848839
Narayanganj,2. Central Urban Heat Zone (Urban Heat-Island Region),tmax,0.00679475027976828,-0.04479753123897656,0.8820120670642682,1.1626105530485604,0.8933768939096546,1.1052006442804805
Narayanganj,2. Central Urban Heat Zone (Urban Heat-Island Region),tmin,-0.00023468337950971474,-0.3276546478674913,0.9448929855426329,1.0201553203470848,0.9687218929344428,0.7685693982876266
Narayanganj,2. Central Urban Heat Zone (Urban Heat-Island Region),dew_point,0.14682470850392682,-0.17603392581809274,0.8890986667305838,1.4562407201174588,0.9416321621580758,1.056456428338481
Narsingdi,2. Central Urban Heat Zone (Urban Heat-Island Region),temperature,-0.06498230167625496,-0.17745633044414033,0.9379388781616115,0.9554960399820203,0.9492291090177084,0.864224299103103
Narsingdi,2. Central Urban Heat Zone (Urban Heat-Island Region),humidity,0.04913240338245872,-0.10709431210243281,0.4973621017247227,5.108745993511007,0.6292116438731324,4.38782944820138
Narsingdi,2. Central Urban Heat Zone (Urban Heat-Island Region),solar_radiation,0.05856725368666815,-0.07358506381449192,0.5673737279281803,22.206913837843192,0.6673262231629895,19.47336693305256
Narsingdi,2. Central Urban Heat Zone (Urban Heat-Island Region),uv,0.10459790150408355,-0.07558178583395248,0.4962614329866549,0.6782459232895429,0.6508962291963062,0.5646272845155005
Narsingdi,2. Central Urban Heat Zone (Urban Heat-Island Region),tmax,0.01478786781592445,-0.017487990969186518,0.8863419901391643,1.146996908788138,0.8934383428685109,1.1106128820639092
Narsingdi,2. Central Urban Heat Zone (Urban Heat-Island Region),tmin,0.12847536692771533,-0.09163289962157317,0.9532139957003343,0.9705266368025881,0.9701790099510275,0.7748372839619192
Narsingdi,2. Central Urban Heat Zone (Urban Heat-Island Region),dew_point,0.21172351217609875,-0.09393345939495235,0.9009974562418724,1.3607845680806672,0.948593067809342,0.9805664785176992
Natore,1. Northwest Extreme Heat Zone (Dry Hot Plains),temperature,0.1491543280295543,0.07129929545192826,0.961670073217117,0.93920400250093,0.9678272615954489,0.8604684552426456
Natore,1. Northwest Extreme Heat Zone (Dry Hot Plains),humidity,-0.15497640154030323,0.00198448224302894,0.6722901000828431,3.818692040274795,0.5611044323716492,4.419269152427339
Natore,1. Northwest Extreme Heat Zone (Dry Hot Plains),solar_radiation,0.08987331195446713,0.0011495923517063078,0.7060612507481028,20.090026485277374,0.7559607741681891,18.30551314569889
Natore,1. Northwest Extreme Heat Zone (Dry Hot Plains),uv,0.12420197050065518,0.004561567641087061,0.6359562790791449,0.6140969877002639,0.7182054017911168,0.540289498844121
Natore,1. Northwest Extreme Heat Zone (Dry Hot Plains),tmax,0.03149378446531803,0.030943000584998104,0.9112411833883807,1.2111347650647113,0.9113420505871119,1.210446391206522
Natore,1. Northwest Extreme Heat Zone (Dry Hot Plains),tmin,0.3257783321370945,-0.07811666468868883,0.9456481016816538,1.2782380548696244,0.9787436540300688,0.7993715536610201
Natore,1. Northwest Extreme Heat Zone (Dry Hot Plains),dew_point,0.12152485153504744,-0.21574849272225838,0.9342680911564386,1.2559730257243353,0.9656799647814198,0.9075405783729176
Nawabganj,1. Northwest Extreme Heat Zone (Dry Hot Plains),temperature,-0.09508585015583937,-0.24422265955621314,0.9330906698794921,0.9883137390611552,0.9481693322668779,0.8698510534653902
Nawabganj,1. Northwest Extreme Heat Zone (Dry Hot Plains),humidity,-0.014762849956888813,-0.18826693403595107,0.49707626443500785,5.314928746793216,0.6332220427596711,4.538872611808705
Nawabganj,1. Northwest Extreme Heat Zone (Dry Hot Plains),solar_radiation,-0.003693625775210929,-0.11264106227435966,0.6485749055238437,20.35573004742863,0.7140270633925903,18.362540435854513
Nawabganj,1. Northwest Extreme Heat Zone (Dry Hot Plains),uv,0.09809463076044855,-0.08340687388270629,0.5849216308366729,0.6136748820314343,0.7123470229812814,0.5108668630540002
Nawabganj,1. Northwest Extreme Heat Zone (Dry Hot Plains),tmax,0.010411593476000625,-0.03768102804429718,0.8852247655621077,1.149702292892699,0.8956170340626667,1.0964179061314652
Nawabganj,1. Northwest Extreme Heat Zone (Dry Hot Plains),tmin,0.02329287414051673,-0.3887468400777432,0.9411554592316698,1.069992044865447,0.9708935846218724,0.7525265402400759
Nawabganj,1. Northwest Extreme Heat Zone (Dry Hot Plains),dew_point,0.13614206448763277,-0.19301544424200134,0.8937011946213428,1.4279808033002859,0.9442659110725211,1.0339954563405034
Netrakona,2. Central Urban Heat Zone (Urban Heat-Island Region),temperature,0.1280105580509835,0.1219303222588245,0.9486095552005871,0.9550092296752872,0.9493188022836508,0.9483962222485287
Netrakona,2. Central Urban Heat Zone (Urban Heat-Island Region),humidity,0.15557818605029716,0.1740517268825692,0.5820595648576823,2.8571631632955024,0.5631547886561701,2.9210677951950093
Netrakona,2. Central Urban Heat Zone (Urban Heat-Island Region),solar_radiation,0.19146083827945592,0.022537675751236885,0.45058093597651616,26.80463824792856,0.6240710333082735,22.172312120428014
Netrakona,2. Central Urban Heat Zone (Urban Heat-Island Region),uv,0.17175680989768027,0.05293325491298362,0.48868179885855034,0.7455666619509593,0.6089378123890876,0.6520242778363669
Netrakona,2. Central Urban Heat Zone (Urban Heat-Island Region),tmax,0.03255744602473598,0.061530639833861644,0.8353455836573085,1.2967387972475752,0.8250219547698372,1.336772778203347
Netrakona,2. Central Urban Heat Zone (Urban Heat-Island Region),tmin,0.2936130645368845,0.09005046378660353,0.9527750456385496,1.0898597849993998,0.9715408288294097,0.8460498994415355
Netrakona,2. Central Urban Heat Zone (Urban Heat-Island Region),dew_point,0.33909884703141224,0.04722694162016394,0.9651417379890082,0.8315576295567539,0.9832274222858999,0.5768187831301879
Nilphamari,1. Northwest Extreme Heat Zone (Dry Hot Plains),temperature,0.027722035766158393,0.007742863403630285,0.9513829291891825,1.0320986602106563,0.9533210355777118,1.0113172757620494
Nilphamari,1. Northwest Extreme Heat Zone (Dry Hot Plains),humidity,0.06842123548245782,-0.028799968940500742,0.47195315524891857,5.2441329370641645,0.5670380536019153,4.748564375937029
Nilphamari,1. Northwest Extreme Heat Zone (Dry Hot Plains),solar_radiation,0.16129158836235546,-0.11599384578034733,0.39492411017798634,30.6250436866204,0.6582502179920134,23.01579156897461
Nilphamari,1. Northwest Extreme Heat Zone (Dry Hot Plains),uv,0.24970468689614134,0.032489197575619855,0.34536775532366026,0.8793201578508038,0.6063137789064924,0.6819043172438054
Nilphamari,1. Northwest Extreme Heat Zone (Dry Hot Plains),tmax,0.03715356760860555,-0.12604628816012675,0.7814075468423753,1.6609068217777678,0.8401779384196101,1.4201886944596396
Nilphamari,1. Northwest Extreme Heat Zone (Dry Hot Plains),tmin,0.24851871967325934,0.010895841648466242,0.9614253185403405,1.0802464377613037,0.9777333631461586,0.8207274929166276
Nilphamari,1. Northwest Extreme Heat Zone (Dry Hot Plains),dew_point,0.19063913553393674,-0.1369331194050618,0.9478580307963961,1.1494144907055117,0.9735757910589684,0.8182461131170483
Noakhali,4. Coastal Humid Heat Zone (Coastal Belt),temperature,0.027398453800864475,-0.017256195350905612,0.9609167887863124,0.746113872080014,0.9642727602801849,0.7133615985256527
Noakhali,4. Coastal Humid Heat Zone (Coastal Belt),humidity,0.337809919927627,0.06593598492707387,0.6110835379236453,3.0881878611732287,0.8045352784740731,2.189322502600822
Noakhali,4. Coastal Humid Heat Zone (Coastal Belt),solar_radiation,0.1261076671624155,-0.01200950003277823,0.5936592680086228,22.019869375994944,0.6970039004037376,19.014638713513897
Noakhali,4. Coastal Humid Heat Zone (Coastal Belt),uv,0.15490499588967344,0.002207375573814341,0.6130385804346967,0.6001361452936377,0.7224136172983086,0.5082940540529137
Noakhali,4. Coastal Humid Heat Zone (Coastal Belt),tmax,0.11664340096012782,-0.14374634545936904,0.8412987033336494,1.1320295890281982,0.9053341907403483,0.8743073249994286
Noakhali,4. Coastal Humid Heat Zone (Coastal Belt),tmin,0.26200783217271806,-0.02628426519608773,0.9385969090415203,1.1084760542522594,0.9682489276041483,0.7970955747879035
Noakhali,4. Coastal Humid Heat Zone (Coastal Belt),dew_point,0.2559616090688559,-0.18979576460225345,0.9516490832367062,0.9445609401802008,0.9810917835359056,0.5906808739590921
Pabna,1. Northwest Extreme Heat Zone (Dry Hot Plains),temperature,0.09222310998154526,0.030899347762447182,0.9603466293339401,0.9386845913758064,0.965206302552401,0.8792855283916338
Pabna,1. Northwest Extreme Heat Zone (Dry Hot Plains),humidity,-0.2535117373167872,-0.007000786080400223,0.7423471283763616,3.325960583877743,0.6007617183058847,4.140146350800243
Pabna,1. Northwest Extreme Heat Zone (Dry Hot Plains),solar_radiation,0.03387408039257722,-0.05679135301522553,0.7186681423475714,19.066830356559556,0.764870089208836,17.431027382719726
Pabna,1. Northwest Extreme Heat Zone (Dry Hot Plains),uv,0.09268399547964656,-0.04490133219753489,0.7086830939286805,0.5375988509394471,0.7803494644936574,0.4668115796572654
Pabna,1. Northwest Extreme Heat Zone (Dry Hot Plains),tmax,-0.10067104099377278,-0.052149346529471785,0.9058078081803824,1.2441464021176902,0.8969198115818985,1.3015223742565685
Pabna,1. Northwest Extreme Heat Zone (Dry Hot Plains),tmin,0.2982123546086247,-0.18767255117106751,0.9355927453365874,1.378492419425157,0.9775118988565645,0.8145418097474407
Pabna,1. Northwest Extreme Heat Zone (Dry Hot Plains),dew_point,0.18512362411782912,-0.1690566478424409,0.9364543418516462,1.1959858934582765,0.96912562142764,0.833647071137334
Panchagarh,1. Northwest Extreme Heat Zone (Dry Hot Plains),temperature,0.1837910477045921,0.07083405151499078,0.9484964840593262,1.0531989967982782,0.960257698474022,0.925163530946126
Panchagarh,1. Northwest Extreme Heat Zone (Dry Hot Plains),humidity,0.002338510153405804,-0.131840163768844,0.633269073577136,4.297705909281608,0.7150663438556538,3.7882165853694425
Panchagarh,1. Northwest Extreme Heat Zone (Dry Hot Plains),solar_radiation,0.23175407307021179,-0.05189940400305226,0.4269254629075143,30.158301321683894,0.6943226730117591,22.025862991588568
Panchagarh,1. Northwest Extreme Heat Zone (Dry Hot Plains),uv,0.2852761807990303,0.003155699467736972,0.34294448258812893,0.8684771114780933,0.6622277880471825,0.6226862887943646
Panchagarh,1. Northwest Extreme Heat Zone (Dry Hot Plains),tmax,0.08509251474982749,-0.05571459325347261,0.8166023729868901,1.403255622351227,0.8622616031926452,1.2160948430692764
Panchagarh,1. Northwest Extreme Heat Zone (Dry Hot Plains),tmin,0.28109240201311414,-0.18766325611402634,0.9244856172976109,1.5802723450627234,0.9723312727138295,0.9565588477253293
Panchagarh,1. Northwest Extreme Heat Zone (Dry Hot Plains),dew_point,0.216413424177613,-0.18367790829982655,0.9524308555324502,1.1200600135747232,0.9791535441300537,0.7414719702027932
Patuakhali,4. Coastal Humid Heat Zone (Coastal Belt),temperature,-0.006593468681857617,-0.029113650166265215,0.964336932347451,0.7356384520357384,0.9658806902771341,0.7195404132583137
Patuakhali,4. Coastal Humid Heat Zone (Coastal Belt),humidity,0.25964049349741636,-0.07896195847162368,0.6928883548466491,2.620996533262177,0.8553996535833377,1.7984690606327822
Patuakhali,4. Coastal Humid Heat Zone (Coastal Belt),solar_radiation,-0.017868665539785722,-0.09779460887138236,0.7291763347233755,18.471153247658886,0.7671759099634771,17.12634399480657
Patuakhali,4. Coastal Humid Heat Zone (Coastal Belt),uv,0.023353730091063785,-0.02062382487826775,0.7723657800685638,0.4914067503344485,0.7915601572577962,0.47023257543439523
Patuakhali,4. Coastal Humid Heat Zone (Coastal Belt),tmax,0.03845559593731518,-0.08260023301338815,0.8641324320828694,1.0851893877559147,0.8928188880219977,0.9638440407873131
Patuakhali,4. Coastal Humid Heat Zone (Coastal Belt),tmin,0.21201317938394004,-0.03471627034246039,0.9565604471773077,0.9612058079406322,0.9748069529862671,0.7320050242431649
Patuakhali,4. Coastal Humid Heat Zone (Coastal Belt),dew_point,0.1539006361867401,-0.3106404288048261,0.9602063280195755,0.8650977405523774,0.9834159869030873,0.5584740343963971
Pirojpur,4. Coastal Humid Heat Zone (Coastal Belt),temperature,0.036425593136747314,-0.029053844046542876,0.9604568989524219,0.8047553110060248,0.9653291061285607,0.7535481510116301
Pirojpur,4. Coastal Humid Heat Zone (Coastal Belt),humidity,0.2189458778936194,-0.023221977223729207,0.6790397961258734,2.6678571703351306,0.8129861695208482,2.0364504344746934
Pirojpur,4. Coastal Humid Heat Zone (Coastal Belt),solar_radiation,-0.040925510938409015,-0.13356335848164336,0.7391836116361754,17.64306795012135,0.7800709577716385,16.201228968004383
Pirojpur,4. Coastal Humid Heat Zone (Coastal Belt),uv,0.03845627504266913,-0.07884192933893397,0.8035996845061169,0.44326213062817443,0.8439856223341149,0.39506799710491775
Pirojpur,4. Coastal Humid Heat Zone (Coastal Belt),tmax,0.018735842342118558,-0.02902735124724365,0.8951194840496025,1.0392168271298676,0.904629765594189,0.9909806802136906
Pirojpur,4. Coastal Humid Heat Zone (Coastal Belt),tmin,0.19563367242512808,-0.057946490056272504,0.9553919385168163,1.0000216227979521,0.9742134221646599,0.7603255247651203
Pirojpur,4. Coastal Humid Heat Zone (Coastal Belt),dew_point,0.17520997822228668,-0.2616966121123503,0.9568013562301922,0.9109118369857216,0.9815393480233302,0.595476746669847
Rajbari,2. Central Urban Heat Zone (Urban Heat-Island Region),temperature,-0.118286075460172,-0.2871794265673637,0.9360009747656421,0.9909513239438849,0.9516940069596015,0.8609266463965453
Rajbari,2. Central Urban Heat Zone (Urban Heat-Island Region),humidity,-0.0995171734023439,-0.2863952844662836,0.5207652160683018,4.990799140628453,0.6498908284672313,4.265772294399661
Rajbari,2. Central Urban Heat Zone (Urban Heat-Island Region),solar_radiation,-0.01406104666396768,-0.08734248226216001,0.688791851608289,19.53133083771814,0.7293260578793497,18.215016993386854
Rajbari,2. Central Urban Heat Zone (Urban Heat-Island Region),uv,0.09732234553652253,-0.04692246108310405,0.6770798512906446,0.5593977381659141,0.7599335377799414,0.4823240086733594
Rajbari,2. Central Urban Heat Zone (Urban Heat-Island Region),tmax,-0.01794872110594148,-0.012223920241573039,0.8960881766372901,1.120563257548478,0.8949094716291586,1.1269007895679368
Rajbari,2. Central Urban Heat Zone (Urban Heat-Island Region),tmin,0.05003384387617893,-0.7295935612760363,0.9104318988637348,1.402388007943608,0.9729802383372921,0.7702509856231563
Rajbari,2. Central Urban Heat Zone (Urban Heat-Island Region),dew_point,0.10613199907420579,-0.23039738154533063,0.9049269880548905,1.3580225631262268,0.9498220126974194,0.9865860671689352
Rajshahi,1. Northwest Extreme Heat Zone (Dry Hot Plains),temperature,0.11563218595427804,0.056801485585294964,0.964673195084428,0.9117783912782293,0.9689426782989043,0.8549074775517703
Rajshahi,1. Northwest Extreme Heat Zone (Dry Hot Plains),humidity,-0.1449199593209176,-0.014326162539514353,0.7120345206172938,4.167264003271984,0.633110378389717,4.7037963815902435
Rajshahi,1. Northwest Extreme Heat Zone (Dry Hot Plains),solar_radiation,0.08578591011214998,0.003794544481475204,0.7509055286918633,18.651843819459657,0.7902209677146254,17.116728610226474
Rajshahi,1. Northwest Extreme Heat Zone (Dry Hot Plains),uv,0.10182454319507317,-5.816200189268095e-05,0.7018629630342101,0.5648485611277504,0.7595151175735563,0.507303608623078
Rajshahi,1. Northwest Extreme Heat Zone (Dry Hot Plains),tmax,0.07202575909327846,-0.03627660999590909,0.9049392829279576,1.319611112178075,0.9237707693443625,1.1816971533501637
Rajshahi,1. Northwest Extreme Heat Zone (Dry Hot Plains),tmin,0.2689305205896796,-0.18396954360666107,0.9477452847749867,1.245255151814177,0.9800766790760639,0.768911700884303
Rajshahi,1. Northwest Extreme Heat Zone (Dry Hot Plains),dew_point,0.08609959597760053,-0.2221511858951868,0.9264975680695213,1.3452632767034984,0.9588992657773356,1.0059611824500265
Rangamati,6. Hill Tract Zone (Elevated Terrain),temperature,-0.02872559347040604,0.1502190450435683,0.9576267724373807,0.6812411007439275,0.9379021380334939,0.8246950600289225
Rangamati,6. Hill Tract Zone (Elevated Terrain),humidity,0.34297201970725044,0.045866197368055084,0.5509838640523477,4.252476634064976,0.7870826198559272,2.9283064140633943
Rangamati,6. Hill Tract Zone (Elevated Terrain),solar_radiation,0.20216500385218783,-0.03026845720001803,0.5389838298126467,26.534992224753744,0.7235341357567351,20.5485718518009
Rangamati,6. Hill Tract Zone (Elevated Terrain),uv,0.14614118085131833,-0.021031858678012494,0.5603879924055677,0.7291079390838234,0.6925580709671013,0.6097314580409859
Rangamati,6. Hill Tract Zone (Elevated Terrain),tmax,0.10001749654251235,-0.014769353949942499,0.8181976024343105,1.1232152995582896,0.8570009826840292,0.9961614560820554
Rangamati,6. Hill Tract Zone (Elevated Terrain),tmin,0.2452419443749868,0.06374937996700225,0.9479988165299712,0.9652373016283935,0.9662056183017155,0.7781256571751101
Rangamati,6. Hill Tract Zone (Elevated Terrain),dew_point,0.3599987271640397,-0.06717889318684245,0.9034122039011181,1.309100581449421,0.9652616266997324,0.7850849035216423
Rangpur,1. Northwest Extreme Heat Zone (Dry Hot Plains),temperature,0.020121437235440798,0.06374655382664773,0.9525484885542699,0.9951243537646924,0.9480234194253948,1.0414925846461585
Rangpur,1. Northwest Extreme Heat Zone (Dry Hot Plains),humidity,0.067463406460334,0.03961291840267833,0.4879389287114789,4.703465159498999,0.517207064046532,4.567068280819252
Rangpur,1. Northwest Extreme Heat Zone (Dry Hot Plains),solar_radiation,0.1797037088806338,-0.008086736940613237,0.40507012896664285,29.655259092715298,0.6060768816832807,24.130958333768135
Rangpur,1. Northwest Extreme Heat Zone (Dry Hot Plains),uv,0.18856695497528764,0.04166689050959704,0.3888650034751423,0.8411194008088478,0.561863385004756,0.7121866810911011
Rangpur,1. Northwest Extreme Heat Zone (Dry Hot Plains),tmax,0.03665805073770434,-0.015876405423997042,0.7923379516478639,1.579426965561601,0.8132604401060527,1.4977493754139355
Rangpur,1. Northwest Extreme Heat Zone (Dry Hot Plains),tmin,0.24409417389426524,0.07059570879180554,0.9639996771006547,1.0117508589280788,0.9761859953152056,0.8228801782666797
Rangpur,1. Northwest Extreme Heat Zone (Dry Hot Plains),dew_point,0.2036911953822722,-0.12304860524178918,0.9545292664803214,1.0316598674352784,0.9771388596530145,0.7315087093960632
Satkhira,3. Southwest Hot-Dry Zone (Drought or Saline),temperature,0.2290632066548861,0.05429264084201535,0.8973924551970331,1.2947316308595023,0.9318127296993759,1.0554599602841495
Satkhira,3. Southwest Hot-Dry Zone (Drought or Saline),humidity,0.06801912931690846,-0.1966570246227497,0.622455903994546,4.506110727102542,0.7709964099136175,3.5094508388177372
Satkhira,3. Southwest Hot-Dry Zone (Drought or Saline),solar_radiation,-0.022447107536631483,-0.09906524863803923,0.794739193844092,16.239896920752653,0.8223599939295854,15.107779682682898
Satkhira,3. Southwest Hot-Dry Zone (Drought or Saline),uv,-0.0009163043878668287,-0.07150073947390001,0.809188064389649,0.4411875287036764,0.8334992805852888,0.4121245786437053
Satkhira,3. Southwest Hot-Dry Zone (Drought or Saline),tmax,0.21844154291006257,-0.2590377806733204,0.7727203359956225,1.7256946971479052,0.9124197889231562,1.071239724188353
Satkhira,3. Southwest Hot-Dry Zone (Drought or Saline),tmin,0.24997681812247863,0.18973248804920317,0.9414216626714331,1.1257357259275178,0.9498085708075472,1.042035967949101
Satkhira,3. Southwest Hot-Dry Zone (Drought or Saline),dew_point,0.2130200745646813,0.009035117642514079,0.9287785918890712,1.219731168762346,0.95508190431697,0.9686558639294387
Shariatpur,2. Central Urban Heat Zone (Urban Heat-Island Region),temperature,-0.11847306176258288,-0.34677859526788457,0.9336996180358632,0.9962523616696519,0.9542727928669221,0.8273679379521328
Shariatpur,2. Central Urban Heat Zone (Urban Heat-Island Region),humidity,-0.16810002291969783,-0.4083141456483501,0.4713510656881522,5.075607359032283,0.6363125264832864,4.209868295889002
Shariatpur,2. Central Urban Heat Zone (Urban Heat-Island Region),solar_radiation,0.07195543190165454,-0.04550301252500821,0.6895831486850216,19.019397492368974,0.7554135584761157,16.88263765846788
Shariatpur,2. Central Urban Heat Zone (Urban Heat-Island Region),uv,0.06361933826066157,-0.13660240074862662,0.7052814519948467,0.5094264217446964,0.7999699687371472,0.41968682239859195
Shariatpur,2. Central Urban Heat Zone (Urban Heat-Island Region),tmax,0.016865165115885428,-0.08021981354106766,0.8852844731357152,1.1497524270837318,0.9049780157192668,1.0464181904358307
Shariatpur,2. Central Urban Heat Zone (Urban Heat-Island Region),tmin,0.04042677538450745,-0.6867605381617894,0.9248619075366219,1.2683180518021813,0.975683025269956,0.7215274576746844
Shariatpur,2. Central Urban Heat Zone (Urban Heat-Island Region),dew_point,0.055282075996616276,-0.25026351323358,0.9160107255681522,1.2612075784140526,0.9520459793999189,0.9529874243351288
Sherpur,2. Central Urban Heat Zone (Urban Heat-Island Region),temperature,0.11190330206390675,0.09385780498859109,0.9598176081907145,0.9210893960805921,0.9614021080024334,0.9027462308526807
Sherpur,2. Central Urban Heat Zone (Urban Heat-Island Region),humidity,-0.051526412998732285,0.0595124983654145,0.5844792650097563,3.7936875618347368,0.4805700158806786,4.2415903103451615
Sherpur,2. Central Urban Heat Zone (Urban Heat-Island Region),solar_radiation,0.08334515327193237,-0.007049241132601525,0.6164767035103176,22.845024576778336,0.6822379602032534,20.794417637784917
Sherpur,2. Central Urban Heat Zone (Urban Heat-Island Region),uv,0.06211225145471688,-0.012453517668191916,0.5632038453662784,0.6771875309281845,0.6251734507761255,0.6273136273830617
Sherpur,2. Central Urban Heat Zone (Urban Heat-Island Region),tmax,-0.0331780080875681,-0.020442737692311974,0.8841413098962828,1.2518683679090417,0.8812313986104906,1.2674918630604148
Sherpur,2. Central Urban Heat Zone (Urban Heat-Island Region),tmin,0.32775932386123274,0.003977447355839492,0.9480634248677035,1.201877018385397,0.9763416453459212,0.811177033421746
Sherpur,2. Central Urban Heat Zone (Urban Heat-Island Region),dew_point,0.2049255287082553,-0.21645406394205313,0.9421452733600603,1.14041308723144,0.9752848621643159,0.7453740829690019
Sirajganj,1. Northwest Extreme Heat Zone (Dry Hot Plains),temperature,0.08565914078428183,0.07841478690477832,0.9594040331405148,0.9074639095121863,0.9600397544071045,0.9003305597144994
Sirajganj,1. Northwest Extreme Heat Zone (Dry Hot Plains),humidity,-0.16526445122343514,0.036788666325031305,0.6670060523710062,3.084578816762622,0.5126486571581871,3.7316317992819914
Sirajganj,1. Northwest Extreme Heat Zone (Dry Hot Plains),solar_radiation,0.07140507651215233,-0.017278197799574402,0.6167973090509921,22.38576582423832,0.6806979648245217,20.434241633939944
Sirajganj,1. Northwest Extreme Heat Zone (Dry Hot Plains),uv,0.1353921344835769,0.05966113026419495,0.5469462304285901,0.6720303863083023,0.6169818665084752,0.6179078378749212
Sirajganj,1. Northwest Extreme Heat Zone (Dry Hot Plains),tmax,-0.058430887752270566,-0.027157288024341808,0.882983984732152,1.2577975964046635,0.8757499959597272,1.2960934436204
Sirajganj,1. Northwest Extreme Heat Zone (Dry Hot Plains),tmin,0.3245326524644244,0.0614467960356474,0.9461124255430297,1.1875527862582151,0.9720887322828722,0.8546698548405207
Sirajganj,1. Northwest Extreme Heat Zone (Dry Hot Plains),dew_point,0.26221940146085376,-0.2144840693453398,0.9476006475890438,1.041388128384578,0.9806626598999381,0.6326274473779564
Sunamganj,5. Haor or Wetland Humid Zone (Haor Basin),temperature,-0.04167941262376673,-0.33291776808146767,0.9106541272321185,1.1400783339326106,0.9454322630330618,0.8909747905494337
Sunamganj,5. Haor or Wetland Humid Zone (Haor Basin),humidity,0.2748787307937255,-0.16480283751702451,0.18373821803969137,4.387934163756628,0.6836659722239466,2.731607691477893
Sunamganj,5. Haor or Wetland Humid Zone (Haor Basin),solar_radiation,0.31165485543001015,0.029895625176435514,0.3138814235483893,29.256437047397224,0.6545583030991482,20.75913366812318
Sunamganj,5. Haor or Wetland Humid Zone (Haor Basin),uv,0.25914664950533706,0.0505603679692328,0.3818203196266938,0.815024050892219,0.6236044228081334,0.6359680789243335
Sunamganj,5. Haor or Wetland Humid Zone (Haor Basin),tmax,0.10808745213947824,-0.04492887457092265,0.8084226945150847,1.2365197061006512,0.8604225859547707,1.0554473786561251
Sunamganj,5. Haor or Wetland Humid Zone (Haor Basin),tmin,-0.1423154956892725,-0.5161999406433246,0.5712255028580924,2.6741848476894035,0.7566181814187177,2.014749313706558
Sunamganj,5. Haor or Wetland Humid Zone (Haor Basin),dew_point,0.1692107247563004,-0.09630903527691093,0.9400793279409808,1.0734612010322842,0.9655893836185475,0.8134750554003986
Sylhet,5. Haor or Wetland Humid Zone (Haor Basin),temperature,-0.14692314116917427,-0.3903363410794636,0.890423242016018,1.26712629012478,0.9254328870559771,1.0452840956452372
Sylhet,5. Haor or Wetland Humid Zone (Haor Basin),humidity,0.24312428729002877,-0.18717391880455048,0.19543342003204756,4.204639042370325,0.6729738859016474,2.6806427613291772
Sylhet,5. Haor or Wetland Humid Zone (Haor Basin),solar_radiation,0.326372380994306,0.009929129918019086,0.10250291806654988,31.77049628986562,0.5845294454137355,21.61611296431669
Sylhet,5. Haor or Wetland Humid Zone (Haor Basin),uv,0.298176800076559,0.01582990321174993,0.11439865066641985,0.9030156987848004,0.5496466682600301,0.6439510500984134
Sylhet,5. Haor or Wetland Humid Zone (Haor Basin),tmax,0.12736386110412612,-0.16978400906203817,0.6882900474936879,1.4794276130080897,0.8265374614649084,1.103624250280593
Sylhet,5. Haor or Wetland Humid Zone (Haor Basin),tmin,-0.12291345923850772,-0.5827221744474478,0.6750560752734904,2.6861255589093327,0.8364345313746187,1.9057586934718216
Sylhet,5. Haor or Wetland Humid Zone (Haor Basin),dew_point,-0.02384275203491182,-0.15851849538096907,0.9520601707626719,0.9702907011218034,0.9625581706107342,0.8574961087554771
Tangail,2. Central Urban Heat Zone (Urban Heat-Island Region),temperature,-0.095428970210649,-0.27767381124216794,0.930275107991664,1.0488257107691503,0.9487473519570666,0.8992233057992447
Tangail,2. Central Urban Heat Zone (Urban Heat-Island Region),humidity,-0.0972231043580094,-0.2884339247590031,0.4983980852673964,4.998214236566849,0.6362317666391673,4.256451212209479
Tangail,2. Central Urban Heat Zone (Urban Heat-Island Region),solar_radiation,0.0664936646531793,-0.03187624709344106,0.6112747284593532,22.180737766549658,0.6818572109930376,20.066223334497966
Tangail,2. Central Urban Heat Zone (Urban Heat-Island Region),uv,0.14696316236996032,0.037728693297274796,0.5387793307863418,0.678702284580494,0.6375490337613767,0.6016578136520135
Tangail,2. Central Urban Heat Zone (Urban Heat-Island Region),tmax,-0.0010593406920966775,-0.020515252886520674,0.8849040076126702,1.1918978650379906,0.889250736666501,1.1691745787947823
Tangail,2. Central Urban Heat Zone (Urban Heat-Island Region),tmin,0.11040197224212822,-0.5833756386708573,0.890460991843581,1.5795580790144783,0.9654229044909334,0.8874531838824073
Tangail,2. Central Urban Heat Zone (Urban Heat-Island Region),dew_point,0.12705219182343885,-0.23253572561058666,0.9019257895461359,1.3687858457099638,0.9508037108313475,0.9694474399788141
Thakurgaon,1. Northwest Extreme Heat Zone (Dry Hot Plains),temperature,0.07678709881567702,0.06341446417639685,0.9488085748525001,1.071075213936419,0.9502599683897901,1.0557823261442054
Thakurgaon,1. Northwest Extreme Heat Zone (Dry Hot Plains),humidity,0.004736791749309299,-0.09199700276755074,0.5347473498177211,5.329120930091971,0.6135245934760569,4.857044461291673
Thakurgaon,1. Northwest Extreme Heat Zone (Dry Hot Plains),solar_radiation,0.16141369230659375,-0.13914098712795853,0.41585945002499003,30.438869810143682,0.6834386185167001,22.407778960534774
Thakurgaon,1. Northwest Extreme Heat Zone (Dry Hot Plains),uv,0.2614230254965837,0.012947608126370636,0.3567720952418675,0.8669690306812772,0.6398561567980146,0.6487227719019769
Thakurgaon,1. Northwest Extreme Heat Zone (Dry Hot Plains),tmax,0.014431505350954832,-0.04927058557962183,0.7978799213408831,1.5820486281553392,0.8216767026468481,1.4860011386398733
Thakurgaon,1. Northwest Extreme Heat Zone (Dry Hot Plains),tmin,0.31137729128529057,0.01107754376531378,0.9503845076862272,1.2620873621496074,0.9759422222779964,0.8788373774695779
Thakurgaon,1. Northwest Extreme Heat Zone (Dry Hot Plains),dew_point,0.13734572947706025,-0.17568816694877287,0.9470987776513826,1.1737530311063324,0.9715190175617634,0.861234375991845
