district,variable,n_years,MK_tau,MK_Z,p_value,sen_slope_per_year,sen_slope_per_decade,trend,zone
Bagerhat,temperature,30,0.4942528735632184,3.8179806347493375,0.00013454848403249287,0.03384517816024671,0.3384517816024671,increasing,3. Southwest Hot-Dry Zone (Drought or Saline)
Bagerhat,tmax,30,0.6505747126436782,5.031170742987445,4.874937469256935e-07,0.11368744021513519,1.136874402151352,increasing,3. Southwest Hot-Dry Zone (Drought or Saline)
Bagerhat,tmin,30,-0.12183908045977011,-0.9277336121820821,0.35354576844992414,-0.008480387986046065,-0.08480387986046065,no trend,3. Southwest Hot-Dry Zone (Drought or Saline)
Bagerhat,humidity,30,-0.29195402298850576,-2.247969906441199,0.024578108913372976,-0.17395884855666316,-1.7395884855666317,decreasing,3. Southwest Hot-Dry Zone (Drought or Saline)
Bagerhat,dew_point,30,0.0022988505747126436,0.0,1.0,6.622165712973545e-06,6.622165712973545e-05,no trend,3. Southwest Hot-Dry Zone (Drought or Saline)
Bagerhat,heat_index,30,0.5448275862068965,4.210483316826372,2.5482494200090855e-05,0.06189530829314955,0.6189530829314955,increasing,3. Southwest Hot-Dry Zone (Drought or Saline)
Bagerhat,wet_bulb,30,0.1632183908045977,1.2488721702451104,0.21171183194124255,0.008859351917379209,0.08859351917379209,no trend,3. Southwest Hot-Dry Zone (Drought or Saline)
Bagerhat,wbgt_shade,30,0.31494252873563217,2.4263802164762147,0.015250283689703048,0.01637605804109299,0.1637605804109299,increasing,3. Southwest Hot-Dry Zone (Drought or Saline)
Bandarban,temperature,43,0.05426356589147287,0.5023401845199473,0.615428246959838,0.003405088062622091,0.03405088062622091,no trend,6. Hill Tract Zone (Elevated Terrain)
Bandarban,tmax,43,0.5902547065337763,5.56760371176275,2.582663638506233e-08,0.054518848088215256,0.5451884808821525,increasing,6. Hill Tract Zone (Elevated Terrain)
Bandarban,tmin,43,-0.2115171650055371,-1.988429897058125,0.04676416500989555,-0.036148882195602354,-0.36148882195602355,decreasing,6. Hill Tract Zone (Elevated Terrain)
Bandarban,humidity,43,0.05647840531561462,0.5232710255416119,0.6007856611761988,0.01598775039770372,0.1598775039770372,no trend,6. Hill Tract Zone (Elevated Terrain)
Bandarban,dew_point,43,0.009966777408637873,0.0837233640866579,0.9332763805061923,0.0005310758811758376,0.005310758811758376,no trend,6. Hill Tract Zone (Elevated Terrain)
Bandarban,heat_index,43,0.10077519379844961,0.9418878459749013,0.3462500633527572,0.009044521477216646,0.09044521477216647,no trend,6. Hill Tract Zone (Elevated Terrain)
Bandarban,wet_bulb,43,0.07419712070874862,0.6907177537149276,0.4897429301593239,0.004118506972683751,0.04118506972683751,no trend,6. Hill Tract Zone (Elevated Terrain)
Bandarban,wbgt_shade,43,0.09413067552602436,0.8790953229099079,0.3793495934816995,0.004459907361146192,0.04459907361146192,no trend,6. Hill Tract Zone (Elevated Terrain)
Barguna,temperature,30,0.4942528735632184,3.8179806347493375,0.00013454848403249287,0.03429313985597479,0.3429313985597479,increasing,4. Coastal Humid Heat Zone (Coastal Belt)
Barguna,tmax,30,0.6551724137931034,5.066852804994448,4.0444678361950537e-07,0.10003047690565536,1.0003047690565536,increasing,4. Coastal Humid Heat Zone (Coastal Belt)
Barguna,tmin,30,0.03908045977011494,0.28545649605602524,0.7752944295177846,0.004003197265786034,0.040031972657860335,no trend,4. Coastal Humid Heat Zone (Coastal Belt)
Barguna,humidity,30,-0.2689655172413793,-2.069559596406183,0.038493604971814754,-0.08250853783945135,-0.8250853783945135,decreasing,4. Coastal Humid Heat Zone (Coastal Belt)
Barguna,dew_point,30,0.3333333333333333,2.569108464504227,0.010196053861281307,0.018984330164433533,0.18984330164433533,increasing,4. Coastal Humid Heat Zone (Coastal Belt)
Barguna,heat_index,30,0.5632183908045977,4.353211564854385,1.3415756811685497e-05,0.06646195161332002,0.6646195161332002,increasing,4. Coastal Humid Heat Zone (Coastal Belt)
Barguna,wet_bulb,30,0.42528735632183906,3.2827497046442904,0.0010279989595816108,0.02276984540865094,0.2276984540865094,increasing,4. Coastal Humid Heat Zone (Coastal Belt)
Barguna,wbgt_shade,30,0.4528735632183908,3.4968420766863093,0.00047080045125880154,0.02450555099647072,0.2450555099647072,increasing,4. Coastal Humid Heat Zone (Coastal Belt)
Barisal,temperature,30,0.4482758620689655,3.4611600146793062,0.0005378530133013371,0.023432514373393894,0.23432514373393892,increasing,4. Coastal Humid Heat Zone (Coastal Belt)
Barisal,tmax,30,0.6137931034482759,4.74571424693142,2.0777186033882344e-06,0.10285456684248459,1.028545668424846,increasing,4. Coastal Humid Heat Zone (Coastal Belt)
Barisal,tmin,30,-0.2,-1.5343286663011357,0.12494881685497083,-0.009933725885510886,-0.09933725885510886,no trend,4. Coastal Humid Heat Zone (Coastal Belt)
Barisal,humidity,30,-0.29195402298850576,-2.247969906441199,0.024578108913372976,-0.10668727501438013,-1.0668727501438013,decreasing,4. Coastal Humid Heat Zone (Coastal Belt)
Barisal,dew_point,30,0.1724137931034483,1.3202362942591168,0.18675613776082578,0.010547633180696181,0.10547633180696181,no trend,4. Coastal Humid Heat Zone (Coastal Belt)
Barisal,heat_index,30,0.5310344827586206,4.1034371308053625,4.070571035352799e-05,0.049674415094994075,0.49674415094994073,increasing,4. Coastal Humid Heat Zone (Coastal Belt)
Barisal,wet_bulb,30,0.29195402298850576,2.247969906441199,0.024578108913372976,0.012818171147031722,0.1281817114703172,increasing,4. Coastal Humid Heat Zone (Coastal Belt)
Barisal,wbgt_shade,30,0.36091954022988504,2.783200836546246,0.0053825476031263975,0.014981993239154908,0.1498199323915491,increasing,4. Coastal Humid Heat Zone (Coastal Belt)
Bhola,temperature,30,0.5770114942528736,4.460257750875394,8.1861141973949e-06,0.0321458574022115,0.321458574022115,increasing,4. Coastal Humid Heat Zone (Coastal Belt)
Bhola,tmax,30,0.632183908045977,4.888442494959432,1.0163687655939668e-06,0.09240281161589643,0.9240281161589643,increasing,4. Coastal Humid Heat Zone (Coastal Belt)
Bhola,tmin,30,0.02528735632183908,0.17841031003501578,0.8584007529637274,0.0009300133734334279,0.00930013373433428,no trend,4. Coastal Humid Heat Zone (Coastal Belt)
Bhola,humidity,30,-0.2597701149425287,-1.9981954723921767,0.045695472216719324,-0.09127886768109875,-0.9127886768109874,decreasing,4. Coastal Humid Heat Zone (Coastal Belt)
Bhola,dew_point,30,0.36551724137931035,2.8188828985532495,0.0048191095611576085,0.02234463657459429,0.2234463657459429,increasing,4. Coastal Humid Heat Zone (Coastal Belt)
Bhola,heat_index,30,0.5908045977011495,4.567303936896404,4.940374125350644e-06,0.061406372223017855,0.6140637222301786,increasing,4. Coastal Humid Heat Zone (Coastal Belt)
Bhola,wet_bulb,30,0.4804597701149425,3.7109344487283282,0.00020649557591179146,0.022531380514149726,0.22531380514149726,increasing,4. Coastal Humid Heat Zone (Coastal Belt)
Bhola,wbgt_shade,30,0.5172413793103449,3.9963909447843533,6.431548927388064e-05,0.02385000363907243,0.23850003639072428,increasing,4. Coastal Humid Heat Zone (Coastal Belt)
Bogra,temperature,43,0.11184939091915837,1.0465420510832237,0.29531084070475133,0.0045260050093049,0.045260050093049,no trend,1. Northwest Extreme Heat Zone (Dry Hot Plains)
Bogra,tmax,43,0.3798449612403101,3.579173814704625,0.0003446821701720282,0.057087299744601784,0.5708729974460178,increasing,1. Northwest Extreme Heat Zone (Dry Hot Plains)
Bogra,tmin,43,-0.17386489479512734,-1.6326055996898288,0.1025519727654054,-0.010996207300945452,-0.10996207300945451,no trend,1. Northwest Extreme Heat Zone (Dry Hot Plains)
Bogra,humidity,43,0.1805094130675526,1.6953981227548223,0.08999992180420824,0.03994144824988369,0.3994144824988369,no trend,1. Northwest Extreme Heat Zone (Dry Hot Plains)
Bogra,dew_point,43,0.2912513842746401,2.741940173838046,0.006107746485171539,0.016389607383102977,0.16389607383102978,increasing,1. Northwest Extreme Heat Zone (Dry Hot Plains)
Bogra,heat_index,43,0.3222591362126246,3.0349719481413486,0.002405580601179569,0.02333430101094436,0.23334301010944358,increasing,1. Northwest Extreme Heat Zone (Dry Hot Plains)
Bogra,wet_bulb,43,0.25802879291251385,2.4279775585130787,0.015183282740178328,0.010995275019114943,0.10995275019114943,increasing,1. Northwest Extreme Heat Zone (Dry Hot Plains)
Bogra,wbgt_shade,43,0.23145071982281284,2.176807466253105,0.029494935751562146,0.008749980186983919,0.08749980186983919,increasing,1. Northwest Extreme Heat Zone (Dry Hot Plains)
Brahmanbaria,temperature,45,0.4727272727272727,4.568343328335803,4.915943215610952e-06,0.028518744691322935,0.28518744691322934,increasing,4. Coastal Humid Heat Zone (Coastal Belt)
Brahmanbaria,tmax,45,0.5656565656565656,5.468316746337717,4.54329454058211e-08,0.038031700035124794,0.38031700035124794,increasing,4. Coastal Humid Heat Zone (Coastal Belt)
Brahmanbaria,tmin,45,0.48484848484848486,4.685731165466487,2.7896223615542226e-06,0.02118949771689496,0.21189497716894962,increasing,4. Coastal Humid Heat Zone (Coastal Belt)
Brahmanbaria,humidity,45,-0.2606060606060606,-2.514056178548825,0.011935142018624667,-0.05192347529917899,-0.5192347529917899,decreasing,4. Coastal Humid Heat Zone (Coastal Belt)
Brahmanbaria,dew_point,45,0.45252525252525255,4.372696933117995,1.227210307108706e-05,0.020152026676379102,0.20152026676379103,increasing,4. Coastal Humid Heat Zone (Coastal Belt)
Brahmanbaria,heat_index,45,0.5171717171717172,4.998765397814979,5.769855111470434e-07,0.0474439650609479,0.47443965060947896,increasing,4. Coastal Humid Heat Zone (Coastal Belt)
Brahmanbaria,wet_bulb,45,0.501010101010101,4.842248281640733,1.2837821266042937e-06,0.0192996799119613,0.19299679911961298,increasing,4. Coastal Humid Heat Zone (Coastal Belt)
Brahmanbaria,wbgt_shade,45,0.5111111111111111,4.940071479249636,7.809393771651685e-07,0.022875668985583943,0.2287566898558394,increasing,4. Coastal Humid Heat Zone (Coastal Belt)
Chandpur,temperature,45,0.4444444444444444,4.294438375030873,1.7513611840325183e-05,0.02309113631332487,0.23091136313324873,increasing,4. Coastal Humid Heat Zone (Coastal Belt)
Chandpur,tmax,45,0.5656565656565656,5.468316746337717,4.54329454058211e-08,0.05854553532836386,0.5854553532836386,increasing,4. Coastal Humid Heat Zone (Coastal Belt)
Chandpur,tmin,45,0.21818181818181817,2.103198748591429,0.03544839964272439,0.0104845519284812,0.104845519284812,increasing,4. Coastal Humid Heat Zone (Coastal Belt)
Chandpur,humidity,45,-0.3191919191919192,-3.0814307246804664,0.002060084072139201,-0.07348659399885499,-0.7348659399885499,decreasing,4. Coastal Humid Heat Zone (Coastal Belt)
Chandpur,dew_point,45,0.20202020202020202,1.9466816324171834,0.0515729150101516,0.008294428918312361,0.08294428918312362,no trend,4. Coastal Humid Heat Zone (Coastal Belt)
Chandpur,heat_index,45,0.43434343434343436,4.196615177421968,2.7093370714270648e-05,0.035945517918702055,0.3594551791870205,increasing,4. Coastal Humid Heat Zone (Coastal Belt)
Chandpur,wet_bulb,45,0.3595959595959596,3.472723515116081,0.0005152058105961643,0.011909698967639694,0.11909698967639694,increasing,4. Coastal Humid Heat Zone (Coastal Belt)
Chandpur,wbgt_shade,45,0.42424242424242425,4.098791979813065,4.1531208491596416e-05,0.01560675031324729,0.1560675031324729,increasing,4. Coastal Humid Heat Zone (Coastal Belt)
Chittagong,temperature,43,0.3643410852713178,3.4326579275529734,0.0005976956734483618,0.022041379666176687,0.22041379666176686,increasing,4. Coastal Humid Heat Zone (Coastal Belt)
Chittagong,tmax,43,0.5481727574750831,5.1699177323511245,2.3419707018135227e-07,0.04774726919909939,0.4774726919909939,increasing,4. Coastal Humid Heat Zone (Coastal Belt)
Chittagong,tmin,43,0.11627906976744186,1.0884037331265526,0.27641691384858813,0.007905302882471774,0.07905302882471774,no trend,4. Coastal Humid Heat Zone (Coastal Belt)
Chittagong,humidity,43,0.018826135105204873,0.1674467281733158,0.8670185603843512,0.0033247303288996563,0.03324730328899656,no trend,4. Coastal Humid Heat Zone (Coastal Belt)
Chittagong,dew_point,43,0.33111849390919157,3.1186953122280063,0.001816537018720421,0.018653344462780243,0.18653344462780244,increasing,4. Coastal Humid Heat Zone (Coastal Belt)
Chittagong,heat_index,43,0.4263565891472868,4.018721476159579,5.851479109653113e-05,0.04622758139351888,0.4622758139351888,increasing,4. Coastal Humid Heat Zone (Coastal Belt)
Chittagong,wet_bulb,43,0.4108527131782946,3.8722055890079274,0.00010785491644038636,0.018990748577527694,0.18990748577527694,increasing,4. Coastal Humid Heat Zone (Coastal Belt)
Chittagong,wbgt_shade,43,0.4529346622369878,4.269891568419553,1.9556802191011968e-05,0.019538191637857295,0.19538191637857294,increasing,4. Coastal Humid Heat Zone (Coastal Belt)
Chuadanga,temperature,45,0.2404040404040404,2.3184097833310173,0.020427060859472768,0.012159302682958055,0.12159302682958055,increasing,3. Southwest Hot-Dry Zone (Drought or Saline)
Chuadanga,tmax,45,0.44242424242424244,4.274873735509091,1.9124564675454536e-05,0.049898956635259326,0.4989895663525933,increasing,3. Southwest Hot-Dry Zone (Drought or Saline)
Chuadanga,tmin,45,0.00808080808080808,0.06847623832623259,0.9454065347373615,0.0002401979117225592,0.002401979117225592,no trend,3. Southwest Hot-Dry Zone (Drought or Saline)
Chuadanga,humidity,45,0.30707070707070705,2.9640428875497817,0.0030362596731916547,0.09847531358968761,0.9847531358968762,increasing,3. Southwest Hot-Dry Zone (Drought or Saline)
Chuadanga,dew_point,45,0.5797979797979798,5.605269222990182,2.079315031267015e-08,0.035405174669726994,0.3540517466972699,increasing,3. Southwest Hot-Dry Zone (Drought or Saline)
Chuadanga,heat_index,45,0.494949494949495,4.783554363075391,1.722222845668142e-06,0.04032326476099434,0.40323264760994343,increasing,3. Southwest Hot-Dry Zone (Drought or Saline)
Chuadanga,wet_bulb,45,0.5191919191919192,5.018330037336759,5.212257758735461e-07,0.023762416348247606,0.23762416348247606,increasing,3. Southwest Hot-Dry Zone (Drought or Saline)
Chuadanga,wbgt_shade,45,0.46464646464646464,4.4900847702486795,7.1194834183607725e-06,0.02048618267997905,0.2048618267997905,increasing,3. Southwest Hot-Dry Zone (Drought or Saline)
Comilla,temperature,45,0.1797979797979798,1.7314705976775955,0.08336786457004042,0.008645998913289129,0.08645998913289128,no trend,4. Coastal Humid Heat Zone (Coastal Belt)
Comilla,tmax,45,0.6626262626262627,6.407419443383192,1.4800338732356977e-10,0.04819957540445054,0.48199575404450534,increasing,4. Coastal Humid Heat Zone (Coastal Belt)
Comilla,tmin,45,0.048484848484848485,0.45976902876184733,0.6456820159764443,0.0017674373693811513,0.017674373693811512,no trend,4. Coastal Humid Heat Zone (Coastal Belt)
Comilla,humidity,45,0.5131313131313131,4.959636118771417,7.062534637114481e-07,0.0898238747553819,0.8982387475538189,increasing,4. Coastal Humid Heat Zone (Coastal Belt)
Comilla,dew_point,45,0.5838383838383838,5.644398502033743,1.657597348270201e-08,0.03234415380462656,0.32344153804626563,increasing,4. Coastal Humid Heat Zone (Coastal Belt)
Comilla,heat_index,45,0.35555555555555557,3.4335942360725196,0.0005956351156302109,0.03134242131655085,0.3134242131655085,increasing,4. Coastal Humid Heat Zone (Coastal Belt)
Comilla,wet_bulb,45,0.4868686868686869,4.705295804988268,2.5349812231567626e-06,0.022469940139419407,0.2246994013941941,increasing,4. Coastal Humid Heat Zone (Coastal Belt)
Comilla,wbgt_shade,45,0.41414141414141414,4.000968782204161,6.308368079555038e-05,0.017859798363079743,0.17859798363079743,increasing,4. Coastal Humid Heat Zone (Coastal Belt)
Cox_s Bazar,temperature,43,0.10520487264673312,0.9837495280182302,0.32523868110605725,0.004294090274546303,0.04294090274546303,no trend,4. Coastal Humid Heat Zone (Coastal Belt)
Cox_s Bazar,tmax,43,0.5769656699889258,5.442018665632763,5.2680154016826464e-08,0.037760836476738883,0.37760836476738885,increasing,4. Coastal Humid Heat Zone (Coastal Belt)
Cox_s Bazar,tmin,43,0.021040974529346623,0.18837756919498025,0.8505806821024309,0.0009856304391822693,0.009856304391822692,no trend,4. Coastal Humid Heat Zone (Coastal Belt)
Cox_s Bazar,humidity,43,0.1583610188261351,1.4860897125381776,0.13725539302831113,0.018621106320194276,0.18621106320194275,no trend,4. Coastal Humid Heat Zone (Coastal Belt)
Cox_s Bazar,dew_point,43,0.33665559246954596,3.17119608220495,0.0015181263098735798,0.012282349175014345,0.12282349175014345,increasing,4. Coastal Humid Heat Zone (Coastal Belt)
Cox_s Bazar,heat_index,43,0.1672203765227021,1.5698130766248355,0.11645860445754885,0.012750399392935345,0.12750399392935344,no trend,4. Coastal Humid Heat Zone (Coastal Belt)
Cox_s Bazar,wet_bulb,43,0.23145071982281284,2.176807466253105,0.029494935751562146,0.00744618364653666,0.0744618364653666,increasing,4. Coastal Humid Heat Zone (Coastal Belt)
Cox_s Bazar,wbgt_shade,43,0.20044296788482835,1.8837756919498025,0.059595322912566306,0.006926480555354938,0.06926480555354939,no trend,4. Coastal Humid Heat Zone (Coastal Belt)
Dhaka,temperature,45,0.4868686868686869,4.705295804988268,2.5349812231567626e-06,0.028724349305903327,0.2872434930590333,increasing,2. Central Urban Heat Zone (Urban Heat-Island Region)
Dhaka,tmax,45,0.5797979797979798,5.605269222990182,2.079315031267015e-08,0.055518905574794886,0.5551890557479489,increasing,2. Central Urban Heat Zone (Urban Heat-Island Region)
Dhaka,tmin,45,0.3595959595959596,3.472723515116081,0.0005152058105961643,0.02103935539587539,0.21039355395875392,increasing,2. Central Urban Heat Zone (Urban Heat-Island Region)
Dhaka,humidity,45,-0.5757575757575758,-5.56613994394662,2.6044410628145442e-08,-0.12615643276470934,-1.2615643276470934,decreasing,2. Central Urban Heat Zone (Urban Heat-Island Region)
Dhaka,dew_point,45,0.07676767676767676,0.7336739820667777,0.46314745925028333,0.002678754494109558,0.02678754494109558,no trend,2. Central Urban Heat Zone (Urban Heat-Island Region)
Dhaka,heat_index,45,0.38585858585858585,3.727063828899231,0.00019372341116885572,0.03255185810593192,0.3255185810593192,increasing,2. Central Urban Heat Zone (Urban Heat-Island Region)
Dhaka,wet_bulb,45,0.20404040404040405,1.9662462719389642,0.049270169805609276,0.008105400468904584,0.08105400468904583,increasing,2. Central Urban Heat Zone (Urban Heat-Island Region)
Dhaka,wbgt_shade,45,0.32525252525252524,3.1401246432458088,0.0016887596614068023,0.013801376831835988,0.13801376831835988,increasing,2. Central Urban Heat Zone (Urban Heat-Island Region)
Dinajpur,temperature,45,0.3696969696969697,3.570546712724985,0.0003562369148175648,0.01663982935765366,0.16639829357653657,increasing,1. Northwest Extreme Heat Zone (Dry Hot Plains)
Dinajpur,tmax,45,0.4161616161616162,4.020533421725942,5.806651020257014e-05,0.08185862688690027,0.8185862688690027,increasing,1. Northwest Extreme Heat Zone (Dry Hot Plains)
Dinajpur,tmin,45,-0.27070707070707073,-2.6118793761577286,0.00900460188546992,-0.014294324131229458,-0.14294324131229458,decreasing,1. Northwest Extreme Heat Zone (Dry Hot Plains)
Dinajpur,humidity,45,-0.012121212121212121,-0.10760551736979407,0.914308620179539,-0.003926303743439325,-0.039263037434393244,no trend,1. Northwest Extreme Heat Zone (Dry Hot Plains)
Dinajpur,dew_point,45,0.28888888888888886,2.787961131853755,0.00530409071293203,0.0160607275084462,0.160607275084462,increasing,1. Northwest Extreme Heat Zone (Dry Hot Plains)
Dinajpur,heat_index,45,0.4727272727272727,4.568343328335803,4.915943215610952e-06,0.0374235041169292,0.37423504116929196,increasing,1. Northwest Extreme Heat Zone (Dry Hot Plains)
Dinajpur,wet_bulb,45,0.3717171717171717,3.5901113522467654,0.0003305367282120386,0.014001743877572644,0.14001743877572642,increasing,1. Northwest Extreme Heat Zone (Dry Hot Plains)
Dinajpur,wbgt_shade,45,0.3838383838383838,3.70749918937745,0.00020931608647556388,0.013149606120153349,0.13149606120153348,increasing,1. Northwest Extreme Heat Zone (Dry Hot Plains)
Faridpur,temperature,45,0.43232323232323233,4.177050537900188,2.95313430371813e-05,0.025017892614472438,0.25017892614472437,increasing,2. Central Urban Heat Zone (Urban Heat-Island Region)
Faridpur,tmax,45,0.5959595959595959,5.761786339164428,8.322831757112681e-09,0.061322975456007844,0.6132297545600784,increasing,2. Central Urban Heat Zone (Urban Heat-Island Region)
Faridpur,tmin,45,0.052525252525252523,0.49889830780540884,0.617851026234554,0.0039443170431889985,0.03944317043188998,no trend,2. Central Urban Heat Zone (Urban Heat-Island Region)
Faridpur,humidity,45,-0.42828282828282827,-4.137921258856626,3.504665952647201e-05,-0.07625117688097269,-0.7625117688097269,decreasing,2. Central Urban Heat Zone (Urban Heat-Island Region)
Faridpur,dew_point,45,0.21818181818181817,2.103198748591429,0.03544839964272439,0.007424241594462706,0.07424241594462706,increasing,2. Central Urban Heat Zone (Urban Heat-Island Region)
Faridpur,heat_index,45,0.4,3.864016305551696,0.000111537771176895,0.03256413617156939,0.3256413617156939,increasing,2. Central Urban Heat Zone (Urban Heat-Island Region)
Faridpur,wet_bulb,45,0.29292929292929293,2.8270904108973167,0.004697306372362098,0.0107439401951353,0.10743940195135301,increasing,2. Central Urban Heat Zone (Urban Heat-Island Region)
Faridpur,wbgt_shade,45,0.3696969696969697,3.570546712724985,0.0003562369148175648,0.015137840561864492,0.1513784056186449,increasing,2. Central Urban Heat Zone (Urban Heat-Island Region)
Feni,temperature,27,0.29914529914529914,2.1680786359704327,0.03015270402548298,0.016367239915980342,0.16367239915980342,increasing,4. Coastal Humid Heat Zone (Coastal Belt)
Feni,tmax,27,0.6695156695156695,4.878176930933473,1.0707086044448033e-06,0.11576480275469728,1.1576480275469727,increasing,4. Coastal Humid Heat Zone (Coastal Belt)
Feni,tmin,27,-0.38461538461538464,-2.7934859348080576,0.005214329655517158,-0.024518701647258015,-0.24518701647258015,decreasing,4. Coastal Humid Heat Zone (Coastal Belt)
Feni,humidity,27,-0.08831908831908832,-0.6254072988376248,0.5317037729644349,-0.026115192023471283,-0.26115192023471284,no trend,4. Coastal Humid Heat Zone (Coastal Belt)
Feni,dew_point,27,0.2934472934472934,2.1263848160479246,0.03347123100634275,0.013751076195754807,0.13751076195754808,increasing,4. Coastal Humid Heat Zone (Coastal Belt)
Feni,heat_index,27,0.4358974358974359,3.1687303141106327,0.0015310638896708362,0.046791135440652006,0.46791135440652004,increasing,4. Coastal Humid Heat Zone (Coastal Belt)
Feni,wet_bulb,27,0.33903133903133903,2.459935375427991,0.013896203558318554,0.017449955920880198,0.17449955920880197,increasing,4. Coastal Humid Heat Zone (Coastal Belt)
Feni,wbgt_shade,27,0.32763532763532766,2.3765477355829745,0.017475500066583827,0.017212397391386445,0.17212397391386444,increasing,4. Coastal Humid Heat Zone (Coastal Belt)
Gaibandha,temperature,45,0.1292929292929293,1.2423546096330769,0.2141057549143488,0.005941251999412998,0.059412519994129984,no trend,1. Northwest Extreme Heat Zone (Dry Hot Plains)
Gaibandha,tmax,45,0.301010101010101,2.90534896898444,0.003668438435431298,0.0418235104417968,0.418235104417968,increasing,1. Northwest Extreme Heat Zone (Dry Hot Plains)
Gaibandha,tmin,45,0.048484848484848485,0.45976902876184733,0.6456820159764443,0.0023906742390012612,0.023906742390012614,no trend,1. Northwest Extreme Heat Zone (Dry Hot Plains)
Gaibandha,humidity,45,0.2828282828282828,2.7292672132884133,0.006347524644867875,0.055975049028089294,0.559750490280893,increasing,1. Northwest Extreme Heat Zone (Dry Hot Plains)
Gaibandha,dew_point,45,0.4505050505050505,4.3531322935962145,1.3420610731618154e-05,0.024917987901352086,0.24917987901352084,increasing,1. Northwest Extreme Heat Zone (Dry Hot Plains)
Gaibandha,heat_index,45,0.32323232323232326,3.120560003724028,0.0018050751879576943,0.022243964179868608,0.22243964179868608,increasing,1. Northwest Extreme Heat Zone (Dry Hot Plains)
Gaibandha,wet_bulb,45,0.42828282828282827,4.137921258856626,3.504665952647201e-05,0.016112189930973703,0.16112189930973703,increasing,1. Northwest Extreme Heat Zone (Dry Hot Plains)
Gaibandha,wbgt_shade,45,0.35555555555555557,3.4335942360725196,0.0005956351156302109,0.013228950057473661,0.1322895005747366,increasing,1. Northwest Extreme Heat Zone (Dry Hot Plains)
Gazipur,temperature,45,0.4727272727272727,4.568343328335803,4.915943215610952e-06,0.029046409763273807,0.29046409763273806,increasing,2. Central Urban Heat Zone (Urban Heat-Island Region)
Gazipur,tmax,45,0.5696969696969697,5.507446025381278,3.6407698633666996e-08,0.05421912830168364,0.5421912830168364,increasing,2. Central Urban Heat Zone (Urban Heat-Island Region)
Gazipur,tmin,45,0.4161616161616162,4.020533421725942,5.806651020257014e-05,0.02332613311096919,0.2332613311096919,increasing,2. Central Urban Heat Zone (Urban Heat-Island Region)
Gazipur,humidity,45,-0.5616161616161616,-5.429187467294155,5.66111948430148e-08,-0.12781811015265326,-1.2781811015265325,decreasing,2. Central Urban Heat Zone (Urban Heat-Island Region)
Gazipur,dew_point,45,0.07676767676767676,0.7336739820667777,0.46314745925028333,0.0033706826551806483,0.033706826551806485,no trend,2. Central Urban Heat Zone (Urban Heat-Island Region)
Gazipur,heat_index,45,0.3656565656565657,3.5314174336814235,0.0004133388817446626,0.03249439410180977,0.3249439410180977,increasing,2. Central Urban Heat Zone (Urban Heat-Island Region)
Gazipur,wet_bulb,45,0.19797979797979798,1.907552353373622,0.05644909835707734,0.0076891632993705515,0.07689163299370552,no trend,2. Central Urban Heat Zone (Urban Heat-Island Region)
Gazipur,wbgt_shade,45,0.3151515151515151,3.042301445636905,0.002347766493300041,0.013926293433316753,0.13926293433316753,increasing,2. Central Urban Heat Zone (Urban Heat-Island Region)
Gopalganj,temperature,45,0.07474747474747474,0.7141093425449969,0.4751595693681754,0.0033069559200362576,0.03306955920036257,no trend,2. Central Urban Heat Zone (Urban Heat-Island Region)
Gopalganj,tmax,45,0.4707070707070707,4.548778688814021,5.395815144471072e-06,0.04942864403134688,0.4942864403134688,increasing,2. Central Urban Heat Zone (Urban Heat-Island Region)
Gopalganj,tmin,45,-0.13737373737373737,-1.3206131677201998,0.18663038001542054,-0.006349818453409775,-0.06349818453409775,no trend,2. Central Urban Heat Zone (Urban Heat-Island Region)
Gopalganj,humidity,45,0.27474747474747474,2.65100865520129,0.008025178484295292,0.09302519605103143,0.9302519605103143,increasing,2. Central Urban Heat Zone (Urban Heat-Island Region)
Gopalganj,dew_point,45,0.44242424242424244,4.274873735509091,1.9124564675454536e-05,0.027869795548486495,0.278697955484865,increasing,2. Central Urban Heat Zone (Urban Heat-Island Region)
Gopalganj,heat_index,45,0.3191919191919192,3.0814307246804664,0.002060084072139201,0.02181374391925627,0.21813743919256268,increasing,2. Central Urban Heat Zone (Urban Heat-Island Region)
Gopalganj,wet_bulb,45,0.4383838383838384,4.23574445646553,2.277957259488872e-05,0.018536891384552615,0.18536891384552615,increasing,2. Central Urban Heat Zone (Urban Heat-Island Region)
Gopalganj,wbgt_shade,45,0.38585858585858585,3.727063828899231,0.00019372341116885572,0.0126349372893374,0.126349372893374,increasing,2. Central Urban Heat Zone (Urban Heat-Island Region)
Habiganj,temperature,45,0.23232323232323232,2.2401512252438947,0.02508110691139831,0.011387715552323714,0.11387715552323714,increasing,5. Haor or Wetland Humid Zone (Haor Basin)
Habiganj,tmax,45,0.5797979797979798,5.605269222990182,2.079315031267015e-08,0.04322289204802042,0.4322289204802042,increasing,5. Haor or Wetland Humid Zone (Haor Basin)
Habiganj,tmin,45,0.09494949494949495,0.9097557377628044,0.36295134216230274,0.004449871930951223,0.04449871930951223,no trend,5. Haor or Wetland Humid Zone (Haor Basin)
Habiganj,humidity,45,0.5838383838383838,5.644398502033743,1.657597348270201e-08,0.09537043610159117,0.9537043610159117,increasing,5. Haor or Wetland Humid Zone (Haor Basin)
Habiganj,dew_point,45,0.604040404040404,5.84004489725155,5.218675713791754e-09,0.03256351183063505,0.3256351183063505,increasing,5. Haor or Wetland Humid Zone (Haor Basin)
Habiganj,heat_index,45,0.39191919191919194,3.7857577474645727,0.00015324090620394415,0.03608118867697264,0.36081188676972636,increasing,5. Haor or Wetland Humid Zone (Haor Basin)
Habiganj,wet_bulb,45,0.5333333333333333,5.155282513989224,2.532488199147309e-07,0.02340144447065313,0.23401444470653132,increasing,5. Haor or Wetland Humid Zone (Haor Basin)
Habiganj,wbgt_shade,45,0.4505050505050505,4.3531322935962145,1.3420610731618154e-05,0.01927659443984539,0.1927659443984539,increasing,5. Haor or Wetland Humid Zone (Haor Basin)
Jamalpur,temperature,43,-0.10077519379844961,-0.9418878459749013,0.3462500633527572,-0.004039009423624644,-0.04039009423624644,no trend,2. Central Urban Heat Zone (Urban Heat-Island Region)
Jamalpur,tmax,43,0.3909191583610188,3.6838280198129474,0.00022975728740259882,0.042513076781472876,0.42513076781472875,increasing,2. Central Urban Heat Zone (Urban Heat-Island Region)
Jamalpur,tmin,43,-0.16057585825027684,-1.507020553559842,0.13180538892839122,-0.009857571443878162,-0.09857571443878163,no trend,2. Central Urban Heat Zone (Urban Heat-Island Region)
Jamalpur,humidity,43,0.4374307862679956,4.123375681267901,3.733600081412547e-05,0.10082191780822036,1.0082191780822036,increasing,2. Central Urban Heat Zone (Urban Heat-Island Region)
Jamalpur,dew_point,43,0.37320044296788485,3.5163812916396315,0.000437472236419989,0.022222222222222143,0.22222222222222143,increasing,2. Central Urban Heat Zone (Urban Heat-Island Region)
Jamalpur,heat_index,43,0.09191583610188261,0.8581644818882433,0.39080164551413854,0.005862760619061129,0.05862760619061129,no trend,2. Central Urban Heat Zone (Urban Heat-Island Region)
Jamalpur,wet_bulb,43,0.2646733111849391,2.4907700815780722,0.012746657575597897,0.011157104697059002,0.11157104697059002,increasing,2. Central Urban Heat Zone (Urban Heat-Island Region)
Jamalpur,wbgt_shade,43,0.1937984496124031,1.820983168884809,0.06860941539611343,0.006820321171598722,0.06820321171598723,no trend,2. Central Urban Heat Zone (Urban Heat-Island Region)
Jessore,temperature,43,0.10077519379844961,0.9418878459749013,0.3462500633527572,0.003835616438355771,0.03835616438355771,no trend,3. Southwest Hot-Dry Zone (Drought or Saline)
Jessore,tmax,43,0.4883720930232558,4.604785024766184,4.128921591517454e-06,0.05881224546464285,0.5881224546464285,increasing,3. Southwest Hot-Dry Zone (Drought or Saline)
Jessore,tmin,43,-0.3532668881506091,-3.328003722444651,0.0008747069768242355,-0.017465966023580796,-0.17465966023580798,decreasing,3. Southwest Hot-Dry Zone (Drought or Saline)
Jessore,humidity,43,0.20487264673311184,1.9256373739931314,0.05414966862882431,0.0678442829503661,0.678442829503661,no trend,3. Southwest Hot-Dry Zone (Drought or Saline)
Jessore,dew_point,43,0.4374307862679956,4.123375681267901,3.733600081412547e-05,0.023175552188088346,0.23175552188088344,increasing,3. Southwest Hot-Dry Zone (Drought or Saline)
Jessore,heat_index,43,0.3377630121816168,3.181487835293,0.001465206760534965,0.020381095136523367,0.20381095136523367,increasing,3. Southwest Hot-Dry Zone (Drought or Saline)
Jessore,wet_bulb,43,0.38205980066445183,3.6001046557262892,0.00031808912635789,0.01469178925227889,0.14691789252278892,increasing,3. Southwest Hot-Dry Zone (Drought or Saline)
Jessore,wbgt_shade,43,0.33554817275747506,3.160556994271335,0.0015746779446965675,0.010254280621706038,0.10254280621706038,increasing,3. Southwest Hot-Dry Zone (Drought or Saline)
Jhalokati,temperature,30,0.3931034482758621,3.0329752705952684,0.0024215544339303285,0.024374038531975624,0.24374038531975623,increasing,4. Coastal Humid Heat Zone (Coastal Belt)
Jhalokati,tmax,30,0.6597701149425287,5.102534867001451,3.3513397701412373e-07,0.10213020487314382,1.0213020487314382,increasing,4. Coastal Humid Heat Zone (Coastal Belt)
Jhalokati,tmin,30,-0.17701149425287357,-1.35591835626612,0.17512514633807807,-0.014589041095889321,-0.1458904109588932,no trend,4. Coastal Humid Heat Zone (Coastal Belt)
Jhalokati,humidity,30,-0.28735632183908044,-2.212287844434196,0.02694678246348925,-0.10881347002062398,-1.0881347002062398,decreasing,4. Coastal Humid Heat Zone (Coastal Belt)
Jhalokati,dew_point,30,0.14942528735632185,1.141825984224101,0.2535263593015791,0.00691682597130481,0.0691682597130481,no trend,4. Coastal Humid Heat Zone (Coastal Belt)
Jhalokati,heat_index,30,0.47586206896551725,3.675252386721325,0.00023761439944935958,0.04654248354724544,0.4654248354724544,increasing,4. Coastal Humid Heat Zone (Coastal Belt)
Jhalokati,wet_bulb,30,0.23218390804597702,1.7841031003501577,0.07440691359805207,0.010300301209442727,0.10300301209442726,no trend,4. Coastal Humid Heat Zone (Coastal Belt)
Jhalokati,wbgt_shade,30,0.28735632183908044,2.212287844434196,0.02694678246348925,0.014899152829332402,0.14899152829332402,increasing,4. Coastal Humid Heat Zone (Coastal Belt)
Jhenaidah,temperature,45,0.25252525252525254,2.435797620461702,0.014858995294660726,0.012471062324944882,0.12471062324944882,increasing,3. Southwest Hot-Dry Zone (Drought or Saline)
Jhenaidah,tmax,45,0.4444444444444444,4.294438375030873,1.7513611840325183e-05,0.04587493004537685,0.4587493004537685,increasing,3. Southwest Hot-Dry Zone (Drought or Saline)
Jhenaidah,tmin,45,0.11313131313131314,1.085837493458831,0.2775508951844028,0.006047366112749565,0.06047366112749565,no trend,3. Southwest Hot-Dry Zone (Drought or Saline)
Jhenaidah,humidity,45,0.3333333333333333,3.2183832013329314,0.0012891546208235738,0.10863666575754513,1.0863666575754514,increasing,3. Southwest Hot-Dry Zone (Drought or Saline)
Jhenaidah,dew_point,45,0.6101010101010101,5.898738815816893,3.662905090351387e-09,0.036863961972324034,0.36863961972324033,increasing,3. Southwest Hot-Dry Zone (Drought or Saline)
Jhenaidah,heat_index,45,0.5070707070707071,4.900942200206075,9.537811682669428e-07,0.038294180214670404,0.38294180214670404,increasing,3. Southwest Hot-Dry Zone (Drought or Saline)
Jhenaidah,wet_bulb,45,0.5474747474747474,5.29223499064169,1.208304909461333e-07,0.023722595257496024,0.23722595257496024,increasing,3. Southwest Hot-Dry Zone (Drought or Saline)
Jhenaidah,wbgt_shade,45,0.4868686868686869,4.705295804988268,2.5349812231567626e-06,0.019986083658039444,0.19986083658039444,increasing,3. Southwest Hot-Dry Zone (Drought or Saline)
Joypurhat,temperature,45,0.17575757575757575,1.692341318634034,0.09058091398813084,0.007874282089605965,0.07874282089605965,no trend,1. Northwest Extreme Heat Zone (Dry Hot Plains)
Joypurhat,tmax,45,0.3333333333333333,3.2183832013329314,0.0012891546208235738,0.05098953208096034,0.5098953208096034,increasing,1. Northwest Extreme Heat Zone (Dry Hot Plains)
Joypurhat,tmin,45,-0.00404040404040404,-0.029346959282671108,0.9765878749221901,-0.0003931727890595609,-0.003931727890595609,no trend,1. Northwest Extreme Heat Zone (Dry Hot Plains)
Joypurhat,humidity,45,0.08888888888888889,0.8510618191974622,0.3947350133030303,0.02546238324622165,0.2546238324622165,no trend,1. Northwest Extreme Heat Zone (Dry Hot Plains)
Joypurhat,dew_point,45,0.35353535353535354,3.414029596550739,0.0006400962197103954,0.018792498183386408,0.18792498183386408,increasing,1. Northwest Extreme Heat Zone (Dry Hot Plains)
Joypurhat,heat_index,45,0.38585858585858585,3.727063828899231,0.00019372341116885572,0.02782426525769471,0.2782426525769471,increasing,1. Northwest Extreme Heat Zone (Dry Hot Plains)
Joypurhat,wet_bulb,45,0.3373737373737374,3.257512480376493,0.0011239331592769464,0.012271967061181784,0.12271967061181784,increasing,1. Northwest Extreme Heat Zone (Dry Hot Plains)
Joypurhat,wbgt_shade,45,0.30505050505050507,2.944478248028001,0.0032349968532359163,0.011235246313050968,0.11235246313050967,increasing,1. Northwest Extreme Heat Zone (Dry Hot Plains)
Khagrachhari,temperature,25,0.3466666666666667,2.4055617374591063,0.016147623299816338,0.03144924809110353,0.31449248091103527,increasing,6. Hill Tract Zone (Elevated Terrain)
Khagrachhari,tmax,25,0.7,4.881188379892749,1.054484505047526e-06,0.1278620374600273,1.2786203746002731,increasing,6. Hill Tract Zone (Elevated Terrain)
Khagrachhari,tmin,25,-0.20666666666666667,-1.424653067815587,0.1542575118326619,-0.023699606031005516,-0.23699606031005516,no trend,6. Hill Tract Zone (Elevated Terrain)
Khagrachhari,humidity,25,-0.08,-0.5371642714714508,0.5911541483740381,-0.030076991374936076,-0.30076991374936074,no trend,6. Hill Tract Zone (Elevated Terrain)
Khagrachhari,dew_point,25,0.36,2.498981610758489,0.012455077396483105,0.021611462798976966,0.21611462798976966,increasing,6. Hill Tract Zone (Elevated Terrain)
Khagrachhari,heat_index,25,0.3333333333333333,2.3121418641597233,0.020769866768182377,0.051937808617259024,0.5193780861725903,increasing,6. Hill Tract Zone (Elevated Terrain)
Khagrachhari,wet_bulb,25,0.38,2.639111420707563,0.008312365597504368,0.02571774725664936,0.2571774725664936,increasing,6. Hill Tract Zone (Elevated Terrain)
Khagrachhari,wbgt_shade,25,0.36,2.498981610758489,0.012455077396483105,0.02703880322045048,0.2703880322045048,increasing,6. Hill Tract Zone (Elevated Terrain)
Khulna,temperature,43,0.32004429678848284,3.014041107119684,0.002577928740551627,0.014766512770789298,0.14766512770789297,increasing,3. Southwest Hot-Dry Zone (Drought or Saline)
Khulna,tmax,43,0.49280177187153934,4.646646706809513,3.3737422713286946e-06,0.04929680365296818,0.4929680365296818,increasing,3. Southwest Hot-Dry Zone (Drought or Saline)
Khulna,tmin,43,0.1982281284606866,1.8628448509281381,0.06248409775552988,0.010799139577077642,0.10799139577077642,no trend,3. Southwest Hot-Dry Zone (Drought or Saline)
Khulna,humidity,43,0.37320044296788485,3.5163812916396315,0.000437472236419989,0.0989051785097601,0.989051785097601,increasing,3. Southwest Hot-Dry Zone (Drought or Saline)
Khulna,dew_point,43,0.7054263565891473,6.656007444889302,2.8136604157680267e-11,0.04339155582988208,0.4339155582988208,increasing,3. Southwest Hot-Dry Zone (Drought or Saline)
Khulna,heat_index,43,0.4950166112956811,4.667577547831177,3.047717338944267e-06,0.041446731692610275,0.4144673169261027,increasing,3. Southwest Hot-Dry Zone (Drought or Saline)
Khulna,wet_bulb,43,0.6722037652270211,6.342044829564335,2.267352972040726e-10,0.029386447424461393,0.2938644742446139,increasing,3. Southwest Hot-Dry Zone (Drought or Saline)
Khulna,wbgt_shade,43,0.6035437430786268,5.693188757892736,1.2468840626667088e-08,0.023908300324544468,0.23908300324544468,increasing,3. Southwest Hot-Dry Zone (Drought or Saline)
Kishoreganj,temperature,45,0.49696969696969695,4.803119002597171,1.562129793519773e-06,0.033730943054696566,0.33730943054696566,increasing,2. Central Urban Heat Zone (Urban Heat-Island Region)
Kishoreganj,tmax,45,0.6545454545454545,6.329160885296069,2.4649793317621516e-10,0.045482200881633336,0.4548220088163334,increasing,2. Central Urban Heat Zone (Urban Heat-Island Region)
Kishoreganj,tmin,45,0.47878787878787876,4.6270372469011445,3.7093382443398326e-06,0.03026629239395677,0.30266292393956773,increasing,2. Central Urban Heat Zone (Urban Heat-Island Region)
Kishoreganj,humidity,45,-0.3878787878787879,-3.7466284684210116,0.0001792272344829371,-0.10498257346954004,-1.0498257346954003,decreasing,2. Central Urban Heat Zone (Urban Heat-Island Region)
Kishoreganj,dew_point,45,0.397979797979798,3.844451666029915,0.00012082229500265385,0.017548397282284654,0.17548397282284656,increasing,2. Central Urban Heat Zone (Urban Heat-Island Region)
Kishoreganj,heat_index,45,0.4888888888888889,4.724860444510049,2.3027343827308755e-06,0.05022456419223596,0.5022456419223597,increasing,2. Central Urban Heat Zone (Urban Heat-Island Region)
Kishoreganj,wet_bulb,45,0.4484848484848485,4.333567654074433,1.4671216640671503e-05,0.01876392465436052,0.1876392465436052,increasing,2. Central Urban Heat Zone (Urban Heat-Island Region)
Kishoreganj,wbgt_shade,45,0.49696969696969695,4.803119002597171,1.562129793519773e-06,0.023774271749376043,0.23774271749376044,increasing,2. Central Urban Heat Zone (Urban Heat-Island Region)
Kurigram,temperature,45,0.2787878787878788,2.6901379342448517,0.007142249115604793,0.011402443901430538,0.11402443901430538,increasing,1. Northwest Extreme Heat Zone (Dry Hot Plains)
Kurigram,tmax,45,0.38181818181818183,3.6879345498556693,0.0002260817816361893,0.05538762109832028,0.5538762109832028,increasing,1. Northwest Extreme Heat Zone (Dry Hot Plains)
Kurigram,tmin,45,-0.3595959595959596,-3.472723515116081,0.0005152058105961643,-0.020296745926524834,-0.20296745926524834,decreasing,1. Northwest Extreme Heat Zone (Dry Hot Plains)
Kurigram,humidity,45,0.48282828282828283,4.666166525944706,3.068710312970069e-06,0.09267673892521577,0.9267673892521577,increasing,1. Northwest Extreme Heat Zone (Dry Hot Plains)
Kurigram,dew_point,45,0.6444444444444445,6.231337687687165,4.624689520227321e-10,0.03687191243473716,0.36871912434737164,increasing,1. Northwest Extreme Heat Zone (Dry Hot Plains)
Kurigram,heat_index,45,0.4080808080808081,3.942274863638819,8.071240195706153e-05,0.031375358312309996,0.3137535831231,increasing,1. Northwest Extreme Heat Zone (Dry Hot Plains)
Kurigram,wet_bulb,45,0.5575757575757576,5.390058188250594,7.04348739333227e-08,0.023790990045508095,0.23790990045508095,increasing,1. Northwest Extreme Heat Zone (Dry Hot Plains)
Kurigram,wbgt_shade,45,0.4666666666666667,4.509649409770461,6.493484842717834e-06,0.020365695928543502,0.20365695928543504,increasing,1. Northwest Extreme Heat Zone (Dry Hot Plains)
Kushtia,temperature,45,0.2727272727272727,2.6314440156795094,0.008502287394498431,0.013620619150039703,0.13620619150039703,increasing,3. Southwest Hot-Dry Zone (Drought or Saline)
Kushtia,tmax,45,0.4,3.864016305551696,0.000111537771176895,0.045199688561445815,0.45199688561445817,increasing,3. Southwest Hot-Dry Zone (Drought or Saline)
Kushtia,tmin,45,0.17575757575757575,1.692341318634034,0.09058091398813084,0.007568453316584983,0.07568453316584983,no trend,3. Southwest Hot-Dry Zone (Drought or Saline)
Kushtia,humidity,45,0.4707070707070707,4.548778688814021,5.395815144471072e-06,0.1361104884736355,1.361104884736355,increasing,3. Southwest Hot-Dry Zone (Drought or Saline)
Kushtia,dew_point,45,0.6888888888888889,6.661759757166341,2.705680124392984e-11,0.052187372886736666,0.5218737288673667,increasing,3. Southwest Hot-Dry Zone (Drought or Saline)
Kushtia,heat_index,45,0.5353535353535354,5.174847153511005,2.2809763100539726e-07,0.0484700874522238,0.48470087452223803,increasing,3. Southwest Hot-Dry Zone (Drought or Saline)
Kushtia,wet_bulb,45,0.6202020202020202,5.996562013425796,2.015386524334417e-09,0.03180196546307898,0.3180196546307898,increasing,3. Southwest Hot-Dry Zone (Drought or Saline)
Kushtia,wbgt_shade,45,0.5636363636363636,5.4487521068159355,5.0724453082295895e-08,0.026939012644997377,0.2693901264499738,increasing,3. Southwest Hot-Dry Zone (Drought or Saline)
Lakshmipur,temperature,30,0.5586206896551724,4.317529502847382,1.577853235645854e-05,0.0421269359950306,0.42126935995030595,increasing,4. Coastal Humid Heat Zone (Coastal Belt)
Lakshmipur,tmax,30,0.6505747126436782,5.031170742987445,4.874937469256935e-07,0.08984018264840159,0.8984018264840159,increasing,4. Coastal Humid Heat Zone (Coastal Belt)
Lakshmipur,tmin,30,0.296551724137931,2.283651968448202,0.022391992980315134,0.01661798319592672,0.1661798319592672,increasing,4. Coastal Humid Heat Zone (Coastal Belt)
Lakshmipur,humidity,30,-0.296551724137931,-2.283651968448202,0.022391992980315134,-0.10538238870535634,-1.0538238870535634,decreasing,4. Coastal Humid Heat Zone (Coastal Belt)
Lakshmipur,dew_point,30,0.4666666666666667,3.6038882627073185,0.0003134918703513456,0.026774438622461295,0.26774438622461294,increasing,4. Coastal Humid Heat Zone (Coastal Belt)
Lakshmipur,heat_index,30,0.6413793103448275,4.959806618973438,7.056338859889877e-07,0.08096081982634089,0.8096081982634089,increasing,4. Coastal Humid Heat Zone (Coastal Belt)
Lakshmipur,wet_bulb,30,0.5632183908045977,4.353211564854385,1.3415756811685497e-05,0.02839183695805474,0.2839183695805474,increasing,4. Coastal Humid Heat Zone (Coastal Belt)
Lakshmipur,wbgt_shade,30,0.5724137931034483,4.424575688868392,9.66320208783955e-06,0.029630537810438697,0.29630537810438695,increasing,4. Coastal Humid Heat Zone (Coastal Belt)
Lalmonirhat,temperature,45,0.2202020202020202,2.12276338811321,0.033773684248456615,0.008428163607669705,0.08428163607669706,increasing,1. Northwest Extreme Heat Zone (Dry Hot Plains)
Lalmonirhat,tmax,45,0.37777777777777777,3.6488052708121077,0.00026346270671462335,0.06187900969868757,0.6187900969868757,increasing,1. Northwest Extreme Heat Zone (Dry Hot Plains)
Lalmonirhat,tmin,45,-0.35858585858585856,-3.46310689821412,0.000533976207633291,-0.022436457654260576,-0.22436457654260578,decreasing,1. Northwest Extreme Heat Zone (Dry Hot Plains)
Lalmonirhat,humidity,45,0.1393939393939394,1.3401778072419805,0.18018754488317246,0.03083605406094009,0.30836054060940093,no trend,1. Northwest Extreme Heat Zone (Dry Hot Plains)
Lalmonirhat,dew_point,45,0.36767676767676766,3.5509820732032042,0.0003837965575845814,0.019338629804234328,0.19338629804234328,increasing,1. Northwest Extreme Heat Zone (Dry Hot Plains)
Lalmonirhat,heat_index,45,0.3393939393939394,3.2770771198982738,0.001048877166641482,0.023250614978831435,0.23250614978831435,increasing,1. Northwest Extreme Heat Zone (Dry Hot Plains)
Lalmonirhat,wet_bulb,45,0.3151515151515151,3.042301445636905,0.002347766493300041,0.011769909825265608,0.11769909825265608,increasing,1. Northwest Extreme Heat Zone (Dry Hot Plains)
Lalmonirhat,wbgt_shade,45,0.2909090909090909,2.807525771375536,0.004992368505160716,0.010992065299054238,0.10992065299054238,increasing,1. Northwest Extreme Heat Zone (Dry Hot Plains)
Madaripur,temperature,45,0.397979797979798,3.844451666029915,0.00012082229500265385,0.02096966818516218,0.20969668185162182,increasing,2. Central Urban Heat Zone (Urban Heat-Island Region)
Madaripur,tmax,45,0.5737373737373738,5.54657530442484,2.913191909925672e-08,0.058531603276496494,0.5853160327649649,increasing,2. Central Urban Heat Zone (Urban Heat-Island Region)
Madaripur,tmin,45,-0.044444444444444446,-0.4206397497182859,0.6740181631266595,-0.00200245582019839,-0.0200245582019839,no trend,2. Central Urban Heat Zone (Urban Heat-Island Region)
Madaripur,humidity,45,-0.2545454545454545,-2.455362259983483,0.014074267756952974,-0.06522517202900685,-0.6522517202900685,decreasing,2. Central Urban Heat Zone (Urban Heat-Island Region)
Madaripur,dew_point,45,0.1595959595959596,1.535824202459788,0.12458150214529295,0.006650976364357231,0.0665097636435723,no trend,2. Central Urban Heat Zone (Urban Heat-Island Region)
Madaripur,heat_index,45,0.4,3.864016305551696,0.000111537771176895,0.032319197824287896,0.32319197824287893,increasing,2. Central Urban Heat Zone (Urban Heat-Island Region)
Madaripur,wet_bulb,45,0.30303030303030304,2.9249136085062206,0.0034455186228972146,0.01034043781833489,0.10340437818334891,increasing,2. Central Urban Heat Zone (Urban Heat-Island Region)
Madaripur,wbgt_shade,45,0.3878787878787879,3.7466284684210116,0.0001792272344829371,0.01443257601102103,0.1443257601102103,increasing,2. Central Urban Heat Zone (Urban Heat-Island Region)
Magura,temperature,43,0.016611295681063124,0.14651588715165131,0.8835141491217924,0.0005732842119831913,0.005732842119831913,no trend,3. Southwest Hot-Dry Zone (Drought or Saline)
Magura,tmax,43,0.49058693244739754,4.625715865787848,3.7330677242763954e-06,0.04874550913261493,0.48745509132614934,increasing,3. Southwest Hot-Dry Zone (Drought or Saline)
Magura,tmin,43,-0.2757475083056478,-2.5954242866863946,0.00944742150768274,-0.013290035778323292,-0.13290035778323292,decreasing,3. Southwest Hot-Dry Zone (Drought or Saline)
Magura,humidity,43,0.2336655592469546,2.19773830727477,0.027967760025192412,0.07305994985246234,0.7305994985246234,increasing,3. Southwest Hot-Dry Zone (Drought or Saline)
Magura,dew_point,43,0.44629014396456257,4.207099045354559,2.5866978993649425e-05,0.02271597223364232,0.22715972233642323,increasing,3. Southwest Hot-Dry Zone (Drought or Saline)
Magura,heat_index,43,0.23809523809523808,2.2395999893180987,0.02511690341504602,0.01369007057581939,0.1369007057581939,increasing,3. Southwest Hot-Dry Zone (Drought or Saline)
Magura,wet_bulb,43,0.36212624584717606,3.411727086531309,0.0006455270760783449,0.013046553416873507,0.13046553416873508,increasing,3. Southwest Hot-Dry Zone (Drought or Saline)
Magura,wbgt_shade,43,0.28017718715393136,2.6372859687297234,0.008357234555318005,0.008521590188116537,0.08521590188116537,increasing,3. Southwest Hot-Dry Zone (Drought or Saline)
Manikganj,temperature,45,0.45454545454545453,4.392261572639776,1.1217762097226469e-05,0.027256531969582644,0.2725653196958264,increasing,2. Central Urban Heat Zone (Urban Heat-Island Region)
Manikganj,tmax,45,0.5818181818181818,5.624833862511962,1.8568659720941127e-08,0.05607577612068314,0.5607577612068314,increasing,2. Central Urban Heat Zone (Urban Heat-Island Region)
Manikganj,tmin,45,0.26161616161616164,2.5239592648001214,0.011604137419737093,0.01521453065982041,0.1521453065982041,increasing,2. Central Urban Heat Zone (Urban Heat-Island Region)
Manikganj,humidity,45,-0.5353535353535354,-5.174847153511005,2.2809763100539726e-07,-0.10832325456448631,-1.083232545644863,decreasing,2. Central Urban Heat Zone (Urban Heat-Island Region)
Manikganj,dew_point,45,0.1393939393939394,1.3401778072419805,0.18018754488317246,0.0047595634070136915,0.047595634070136915,no trend,2. Central Urban Heat Zone (Urban Heat-Island Region)
Manikganj,heat_index,45,0.3838383838383838,3.70749918937745,0.00020931608647556388,0.031230505541450716,0.31230505541450715,increasing,2. Central Urban Heat Zone (Urban Heat-Island Region)
Manikganj,wet_bulb,45,0.22626262626262628,2.1814573066785523,0.029149608947643957,0.008741553996850506,0.08741553996850505,increasing,2. Central Urban Heat Zone (Urban Heat-Island Region)
Manikganj,wbgt_shade,45,0.3212121212121212,3.100995364202247,0.0019287131011707093,0.013768159203072049,0.1376815920307205,increasing,2. Central Urban Heat Zone (Urban Heat-Island Region)
Meherpur,temperature,45,0.4444444444444444,4.294438375030873,1.7513611840325183e-05,0.023402534208534144,0.23402534208534143,increasing,3. Southwest Hot-Dry Zone (Drought or Saline)
Meherpur,tmax,45,0.503030303030303,4.861812921162514,1.1631552581103932e-06,0.0677550589854028,0.6775505898540279,increasing,3. Southwest Hot-Dry Zone (Drought or Saline)
Meherpur,tmin,45,0.06262626262626263,0.5967215054143126,0.5506933321069332,0.0038088252246704143,0.038088252246704146,no trend,3. Southwest Hot-Dry Zone (Drought or Saline)
Meherpur,humidity,45,0.3656565656565657,3.5314174336814235,0.0004133388817446626,0.11758133888239555,1.1758133888239555,increasing,3. Southwest Hot-Dry Zone (Drought or Saline)
Meherpur,dew_point,45,0.7090909090909091,6.857406152384149,7.012168623532489e-12,0.05996152721859487,0.5996152721859487,increasing,3. Southwest Hot-Dry Zone (Drought or Saline)
Meherpur,heat_index,45,0.6606060606060606,6.387854803861411,1.6822898629698102e-10,0.06299341129908707,0.6299341129908708,increasing,3. Southwest Hot-Dry Zone (Drought or Saline)
Meherpur,wet_bulb,45,0.7313131313131314,7.072617187123737,1.5203394099216894e-12,0.03918013115850979,0.3918013115850979,increasing,3. Southwest Hot-Dry Zone (Drought or Saline)
Meherpur,wbgt_shade,45,0.6868686868686869,6.642195117644561,3.090461220267571e-11,0.034732587702100054,0.34732587702100054,increasing,3. Southwest Hot-Dry Zone (Drought or Saline)
Moulvibazar,temperature,45,0.34949494949494947,3.3749003175071772,0.0007384243256756129,0.015757534664995968,0.15757534664995967,increasing,5. Haor or Wetland Humid Zone (Haor Basin)
Moulvibazar,tmax,45,0.38585858585858585,3.727063828899231,0.00019372341116885572,0.06685690748399561,0.6685690748399562,increasing,5. Haor or Wetland Humid Zone (Haor Basin)
Moulvibazar,tmin,45,-0.13535353535353536,-1.3010485281984192,0.1932418444495394,-0.009492071068037358,-0.09492071068037358,no trend,5. Haor or Wetland Humid Zone (Haor Basin)
Moulvibazar,humidity,45,0.46060606060606063,4.450955491205118,8.548906079264285e-06,0.09570552705945118,0.9570552705945118,increasing,5. Haor or Wetland Humid Zone (Haor Basin)
Moulvibazar,dew_point,45,0.604040404040404,5.84004489725155,5.218675713791754e-09,0.036478742537828776,0.3647874253782878,increasing,5. Haor or Wetland Humid Zone (Haor Basin)
Moulvibazar,heat_index,45,0.4808080808080808,4.646601886422926,3.3744750354003372e-06,0.045271798772185415,0.4527179877218541,increasing,5. Haor or Wetland Humid Zone (Haor Basin)
Moulvibazar,wet_bulb,45,0.5656565656565656,5.468316746337717,4.54329454058211e-08,0.02849889498607134,0.2849889498607134,increasing,5. Haor or Wetland Humid Zone (Haor Basin)
Moulvibazar,wbgt_shade,45,0.5171717171717172,4.998765397814979,5.769855111470434e-07,0.025252056664137493,0.25252056664137496,increasing,5. Haor or Wetland Humid Zone (Haor Basin)
Munshiganj,temperature,45,0.4686868686868687,4.529214049292241,5.920349869237285e-06,0.027698948545788533,0.2769894854578853,increasing,2. Central Urban Heat Zone (Urban Heat-Island Region)
Munshiganj,tmax,45,0.5797979797979798,5.605269222990182,2.079315031267015e-08,0.054719318823231784,0.5471931882323179,increasing,2. Central Urban Heat Zone (Urban Heat-Island Region)
Munshiganj,tmin,45,0.34949494949494947,3.3749003175071772,0.0007384243256756129,0.019621986865660024,0.19621986865660024,increasing,2. Central Urban Heat Zone (Urban Heat-Island Region)
Munshiganj,humidity,45,-0.5373737373737374,-5.194411793032786,2.05368114514215e-07,-0.10955309278394948,-1.0955309278394947,decreasing,2. Central Urban Heat Zone (Urban Heat-Island Region)
Munshiganj,dew_point,45,0.12525252525252525,1.2032253305895155,0.22888913512266895,0.004551297184665071,0.04551297184665071,no trend,2. Central Urban Heat Zone (Urban Heat-Island Region)
Munshiganj,heat_index,45,0.3939393939393939,3.8053223869863535,0.0001416196092791644,0.0321306950278611,0.321306950278611,increasing,2. Central Urban Heat Zone (Urban Heat-Island Region)
Munshiganj,wet_bulb,45,0.24646464646464647,2.3771037018963597,0.0174491817231881,0.009161831822691676,0.09161831822691675,increasing,2. Central Urban Heat Zone (Urban Heat-Island Region)
Munshiganj,wbgt_shade,45,0.3474747474747475,3.355335677985397,0.0007926873387762434,0.014218235364136769,0.1421823536413677,increasing,2. Central Urban Heat Zone (Urban Heat-Island Region)
Mymensingh,temperature,18,0.43790849673202614,2.4999282629592816,0.012421845733886716,0.02834274613474334,0.2834274613474334,increasing,2. Central Urban Heat Zone (Urban Heat-Island Region)
Mymensingh,tmax,18,0.477124183006536,2.727194468682853,0.006387538146755745,0.08738952516405894,0.8738952516405895,increasing,2. Central Urban Heat Zone (Urban Heat-Island Region)
Mymensingh,tmin,18,0.09803921568627451,0.5302878133549992,0.5959123948117162,0.01488659330788226,0.1488659330788226,no trend,2. Central Urban Heat Zone (Urban Heat-Island Region)
Mymensingh,humidity,18,0.21568627450980393,1.2120864305257124,0.22547929744791606,0.030807246051352877,0.30807246051352877,no trend,2. Central Urban Heat Zone (Urban Heat-Island Region)
Mymensingh,dew_point,18,0.5032679738562091,2.878705272498567,0.00399311317492268,0.038902077932827434,0.38902077932827434,increasing,2. Central Urban Heat Zone (Urban Heat-Island Region)
Mymensingh,heat_index,18,0.5163398692810458,2.9544606744064237,0.003132160694736097,0.07223884322854245,0.7223884322854245,increasing,2. Central Urban Heat Zone (Urban Heat-Island Region)
Mymensingh,wet_bulb,18,0.5032679738562091,2.878705272498567,0.00399311317492268,0.03538758938108207,0.35387589381082074,increasing,2. Central Urban Heat Zone (Urban Heat-Island Region)
Mymensingh,wbgt_shade,18,0.49019607843137253,2.8029498705907097,0.005063753941491278,0.033395694979641635,0.3339569497964163,increasing,2. Central Urban Heat Zone (Urban Heat-Island Region)
Naogaon,temperature,45,0.2606060606060606,2.514056178548825,0.011935142018624667,0.009899546055449418,0.09899546055449418,increasing,1. Northwest Extreme Heat Zone (Dry Hot Plains)
Naogaon,tmax,45,0.38181818181818183,3.6879345498556693,0.0002260817816361893,0.05314086308559801,0.5314086308559801,increasing,1. Northwest Extreme Heat Zone (Dry Hot Plains)
Naogaon,tmin,45,0.08888888888888889,0.8510618191974622,0.3947350133030303,0.004430589243016651,0.044305892430166506,no trend,1. Northwest Extreme Heat Zone (Dry Hot Plains)
Naogaon,humidity,45,0.2767676767676768,2.670573294723071,0.007572183789693376,0.07298628822583506,0.7298628822583506,increasing,1. Northwest Extreme Heat Zone (Dry Hot Plains)
Naogaon,dew_point,45,0.4404040404040404,4.255309095987311,2.0876041834982928e-05,0.028332565794915505,0.28332565794915504,increasing,1. Northwest Extreme Heat Zone (Dry Hot Plains)
Naogaon,heat_index,45,0.494949494949495,4.783554363075391,1.722222845668142e-06,0.03711902656903715,0.3711902656903715,increasing,1. Northwest Extreme Heat Zone (Dry Hot Plains)
Naogaon,wet_bulb,45,0.41818181818181815,4.040098061247723,5.342885743275794e-05,0.019437884613750914,0.19437884613750914,increasing,1. Northwest Extreme Heat Zone (Dry Hot Plains)
Naogaon,wbgt_shade,45,0.39595959595959596,3.8248870265081343,0.0001308320670567742,0.017326930740502178,0.17326930740502178,increasing,1. Northwest Extreme Heat Zone (Dry Hot Plains)
Narail,temperature,43,0.09634551495016612,0.9000261639315723,0.3681063271849119,0.0039208472469596245,0.039208472469596245,no trend,3. Southwest Hot-Dry Zone (Drought or Saline)
Narail,tmax,43,0.49058693244739754,4.625715865787848,3.7330677242763954e-06,0.0502048753385653,0.502048753385653,increasing,3. Southwest Hot-Dry Zone (Drought or Saline)
Narail,tmin,43,-0.14728682170542637,-1.3814355074298552,0.1671450946627271,-0.007526226603024217,-0.07526226603024216,no trend,3. Southwest Hot-Dry Zone (Drought or Saline)
Narail,humidity,43,0.24031007751937986,2.260530830339763,0.023788325210398753,0.07332653374569702,0.7332653374569702,increasing,3. Southwest Hot-Dry Zone (Drought or Saline)
Narail,dew_point,43,0.4883720930232558,4.604785024766184,4.128921591517454e-06,0.026949771689497717,0.26949771689497715,increasing,3. Southwest Hot-Dry Zone (Drought or Saline)
Narail,heat_index,43,0.3444075304540421,3.2442803583579933,0.0011774778863271607,0.01989069080580905,0.1989069080580905,increasing,3. Southwest Hot-Dry Zone (Drought or Saline)
Narail,wet_bulb,43,0.43521594684385384,4.102444840246236,4.088073349062249e-05,0.016358661234755732,0.16358661234755734,increasing,3. Southwest Hot-Dry Zone (Drought or Saline)
Narail,wbgt_shade,43,0.3643410852713178,3.4326579275529734,0.0005976956734483618,0.011738127826908121,0.11738127826908121,increasing,3. Southwest Hot-Dry Zone (Drought or Saline)
Narayanganj,temperature,45,0.47878787878787876,4.6270372469011445,3.7093382443398326e-06,0.028547270725080585,0.28547270725080587,increasing,2. Central Urban Heat Zone (Urban Heat-Island Region)
Narayanganj,tmax,45,0.5737373737373738,5.54657530442484,2.913191909925672e-08,0.05460526896746157,0.5460526896746156,increasing,2. Central Urban Heat Zone (Urban Heat-Island Region)
Narayanganj,tmin,45,0.397979797979798,3.844451666029915,0.00012082229500265385,0.021903808305657663,0.21903808305657663,increasing,2. Central Urban Heat Zone (Urban Heat-Island Region)
Narayanganj,humidity,45,-0.5595959595959596,-5.409622827772374,6.315762179909257e-08,-0.12254416284703326,-1.2254416284703327,decreasing,2. Central Urban Heat Zone (Urban Heat-Island Region)
Narayanganj,dew_point,45,0.08282828282828283,0.7923679006321199,0.42814619037210333,0.0032267094110883235,0.032267094110883236,no trend,2. Central Urban Heat Zone (Urban Heat-Island Region)
Narayanganj,heat_index,45,0.38181818181818183,3.6879345498556693,0.0002260817816361893,0.032250093749134456,0.32250093749134456,increasing,2. Central Urban Heat Zone (Urban Heat-Island Region)
Narayanganj,wet_bulb,45,0.21212121212121213,2.0445048300260873,0.040903700737468185,0.008212734364759873,0.08212734364759873,increasing,2. Central Urban Heat Zone (Urban Heat-Island Region)
Narayanganj,wbgt_shade,45,0.3292929292929293,3.17925392228937,0.0014765468151698435,0.013936441826598677,0.13936441826598678,increasing,2. Central Urban Heat Zone (Urban Heat-Island Region)
Narsingdi,temperature,45,0.5191919191919192,5.018330037336759,5.212257758735461e-07,0.03251452885014523,0.3251452885014523,increasing,2. Central Urban Heat Zone (Urban Heat-Island Region)
Narsingdi,tmax,45,0.5494949494949495,5.3117996301634705,1.0854791598902125e-07,0.03502437322895439,0.35024373228954386,increasing,2. Central Urban Heat Zone (Urban Heat-Island Region)
Narsingdi,tmin,45,0.5777777777777777,5.5857045834684005,2.32754602258467e-08,0.040155307158787734,0.40155307158787734,increasing,2. Central Urban Heat Zone (Urban Heat-Island Region)
Narsingdi,humidity,45,-0.5050505050505051,-4.881377560684294,1.0534732366451749e-06,-0.12748952017366566,-1.2748952017366566,decreasing,2. Central Urban Heat Zone (Urban Heat-Island Region)
Narsingdi,dew_point,45,0.22626262626262628,2.1814573066785523,0.029149608947643957,0.008566381460104308,0.08566381460104308,increasing,2. Central Urban Heat Zone (Urban Heat-Island Region)
Narsingdi,heat_index,45,0.501010101010101,4.842248281640733,1.2837821266042937e-06,0.0428902604825403,0.428902604825403,increasing,2. Central Urban Heat Zone (Urban Heat-Island Region)
Narsingdi,wet_bulb,45,0.3717171717171717,3.5901113522467654,0.0003305367282120386,0.012462136342269076,0.12462136342269076,increasing,2. Central Urban Heat Zone (Urban Heat-Island Region)
Narsingdi,wbgt_shade,45,0.44242424242424244,4.274873735509091,1.9124564675454536e-05,0.01904290361718414,0.1904290361718414,increasing,2. Central Urban Heat Zone (Urban Heat-Island Region)
Natore,temperature,45,0.28484848484848485,2.7488318528101936,0.005980805864951755,0.01275025979503457,0.1275025979503457,increasing,1. Northwest Extreme Heat Zone (Dry Hot Plains)
Natore,tmax,45,0.4080808080808081,3.942274863638819,8.071240195706153e-05,0.053788334500469936,0.5378833450046994,increasing,1. Northwest Extreme Heat Zone (Dry Hot Plains)
Natore,tmin,45,0.2222222222222222,2.1423280276349908,0.032167094986236044,0.009040921377669472,0.09040921377669472,increasing,1. Northwest Extreme Heat Zone (Dry Hot Plains)
Natore,humidity,45,0.3575757575757576,3.4531588755943003,0.000554062575742087,0.10787405396198418,1.078740539619842,increasing,1. Northwest Extreme Heat Zone (Dry Hot Plains)
Natore,dew_point,45,0.5878787878787879,5.683527781077305,1.3194427772589279e-08,0.04396240216855293,0.43962402168552933,increasing,1. Northwest Extreme Heat Zone (Dry Hot Plains)
Natore,heat_index,45,0.5515151515151515,5.331364269685252,9.747766416268178e-08,0.04502921221335677,0.4502921221335677,increasing,1. Northwest Extreme Heat Zone (Dry Hot Plains)
Natore,wet_bulb,45,0.5737373737373738,5.54657530442484,2.913191909925672e-08,0.028071740045569945,0.28071740045569943,increasing,1. Northwest Extreme Heat Zone (Dry Hot Plains)
Natore,wbgt_shade,45,0.5151515151515151,4.979200758293198,6.3847387443694e-07,0.023769958769513502,0.23769958769513502,increasing,1. Northwest Extreme Heat Zone (Dry Hot Plains)
Nawabganj,temperature,45,0.4696969696969697,4.539213561500994,5.646442607476487e-06,0.028326121265213798,0.283261212652138,increasing,1. Northwest Extreme Heat Zone (Dry Hot Plains)
Nawabganj,tmax,45,0.5737373737373738,5.54657530442484,2.913191909925672e-08,0.054772994923276294,0.547729949232763,increasing,1. Northwest Extreme Heat Zone (Dry Hot Plains)
Nawabganj,tmin,45,0.32727272727272727,3.159689282767589,0.0015793747337466968,0.0191669839793847,0.191669839793847,increasing,1. Northwest Extreme Heat Zone (Dry Hot Plains)
Nawabganj,humidity,45,-0.5454545454545454,-5.272670351119909,1.344529385605142e-07,-0.1143750994657868,-1.1437509946578681,decreasing,1. Northwest Extreme Heat Zone (Dry Hot Plains)
Nawabganj,dew_point,45,0.10909090909090909,1.0467082144152695,0.29523417397862484,0.00389906841064529,0.0389906841064529,no trend,1. Northwest Extreme Heat Zone (Dry Hot Plains)
Nawabganj,heat_index,45,0.3838383838383838,3.70749918937745,0.00020931608647556388,0.03184354168866736,0.31843541688667365,increasing,1. Northwest Extreme Heat Zone (Dry Hot Plains)
Nawabganj,wet_bulb,45,0.2222222222222222,2.1423280276349908,0.032167094986236044,0.008565357042240348,0.08565357042240347,increasing,1. Northwest Extreme Heat Zone (Dry Hot Plains)
Nawabganj,wbgt_shade,45,0.32323232323232326,3.120560003724028,0.0018050751879576943,0.014039147977258522,0.14039147977258523,increasing,1. Northwest Extreme Heat Zone (Dry Hot Plains)
Netrakona,temperature,18,0.49019607843137253,2.8029498705907097,0.005063753941491278,0.02787671232876754,0.2787671232876754,increasing,2. Central Urban Heat Zone (Urban Heat-Island Region)
Netrakona,tmax,18,0.477124183006536,2.727194468682853,0.006387538146755745,0.09324200913241872,0.9324200913241871,increasing,2. Central Urban Heat Zone (Urban Heat-Island Region)
Netrakona,tmin,18,0.1503267973856209,0.8333094209864272,0.4046702444107404,0.02060184145519628,0.2060184145519628,no trend,2. Central Urban Heat Zone (Urban Heat-Island Region)
Netrakona,humidity,18,0.20261437908496732,1.1363310286178554,0.2558180494665365,0.024221983825714232,0.24221983825714233,no trend,2. Central Urban Heat Zone (Urban Heat-Island Region)
Netrakona,dew_point,18,0.5163398692810458,2.9544606744064237,0.003132160694736097,0.03742009132420095,0.37420091324200955,increasing,2. Central Urban Heat Zone (Urban Heat-Island Region)
Netrakona,heat_index,18,0.5947712418300654,3.4089930858535658,0.0006520313225353291,0.08270851706183802,0.8270851706183802,increasing,2. Central Urban Heat Zone (Urban Heat-Island Region)
Netrakona,wet_bulb,18,0.5163398692810458,2.9544606744064237,0.003132160694736097,0.03592411275095467,0.3592411275095467,increasing,2. Central Urban Heat Zone (Urban Heat-Island Region)
Netrakona,wbgt_shade,18,0.5294117647058824,3.030216076314281,0.0024437883543766414,0.03540862962473431,0.3540862962473431,increasing,2. Central Urban Heat Zone (Urban Heat-Island Region)
Nilphamari,temperature,45,0.24848484848484848,2.3966683414181404,0.016544891610385193,0.009887201775246523,0.09887201775246524,increasing,1. Northwest Extreme Heat Zone (Dry Hot Plains)
Nilphamari,tmax,45,0.3878787878787879,3.7466284684210116,0.0001792272344829371,0.07199947026250636,0.7199947026250636,increasing,1. Northwest Extreme Heat Zone (Dry Hot Plains)
Nilphamari,tmin,45,-0.3090909090909091,-2.9836075270715625,0.002848719202171779,-0.018418228770294188,-0.18418228770294187,decreasing,1. Northwest Extreme Heat Zone (Dry Hot Plains)
Nilphamari,humidity,45,-0.00808080808080808,-0.06847623832623259,0.9454065347373615,-0.004024481699639537,-0.04024481699639537,no trend,1. Northwest Extreme Heat Zone (Dry Hot Plains)
Nilphamari,dew_point,45,0.1919191919191919,1.8488584348082797,0.06447825692077358,0.009675610150269517,0.09675610150269517,no trend,1. Northwest Extreme Heat Zone (Dry Hot Plains)
Nilphamari,heat_index,45,0.37575757575757573,3.629240631290327,0.00028425617643224044,0.023921881593604095,0.23921881593604094,increasing,1. Northwest Extreme Heat Zone (Dry Hot Plains)
Nilphamari,wet_bulb,45,0.21616161616161617,2.083634109069649,0.03719346193018369,0.008666905410054125,0.08666905410054125,increasing,1. Northwest Extreme Heat Zone (Dry Hot Plains)
Nilphamari,wbgt_shade,45,0.21414141414141413,2.064069469547868,0.03901113018279423,0.007481977344833347,0.07481977344833346,increasing,1. Northwest Extreme Heat Zone (Dry Hot Plains)
Noakhali,temperature,30,0.5494252873563218,4.246165378833376,2.1746014793322388e-05,0.03953370639797694,0.39533706397976937,increasing,4. Coastal Humid Heat Zone (Coastal Belt)
Noakhali,tmax,30,0.6505747126436782,5.031170742987445,4.874937469256935e-07,0.09450863752738403,0.9450863752738403,increasing,4. Coastal Humid Heat Zone (Coastal Belt)
Noakhali,tmin,30,0.15402298850574714,1.177508046231104,0.2389927879015219,0.009756662939148427,0.09756662939148426,no trend,4. Coastal Humid Heat Zone (Coastal Belt)
Noakhali,humidity,30,-0.19540229885057472,-1.4986466042941324,0.13396533563924473,-0.061043081749073025,-0.6104308174907302,no trend,4. Coastal Humid Heat Zone (Coastal Belt)
Noakhali,dew_point,30,0.4574712643678161,3.5325241386933124,0.0004116126465696368,0.03074848002249782,0.3074848002249782,increasing,4. Coastal Humid Heat Zone (Coastal Belt)
Noakhali,heat_index,30,0.6,4.63866806091041,3.506617245463417e-06,0.08583809520985063,0.8583809520985063,increasing,4. Coastal Humid Heat Zone (Coastal Belt)
Noakhali,wet_bulb,30,0.535632183908046,4.139119192812366,3.486417895492977e-05,0.03127109303532638,0.3127109303532638,increasing,4. Coastal Humid Heat Zone (Coastal Belt)
Noakhali,wbgt_shade,30,0.5540229885057472,4.281847440840378,1.8534804304470853e-05,0.034218520006855734,0.34218520006855735,increasing,4. Coastal Humid Heat Zone (Coastal Belt)
Pabna,temperature,45,0.4404040404040404,4.255309095987311,2.0876041834982928e-05,0.02172177888467092,0.2172177888467092,increasing,1. Northwest Extreme Heat Zone (Dry Hot Plains)
Pabna,tmax,45,0.498989898989899,4.822683642118952,1.4163952273271718e-06,0.060358679536935717,0.6035867953693572,increasing,1. Northwest Extreme Heat Zone (Dry Hot Plains)
Pabna,tmin,45,0.19393939393939394,1.8684230743300605,0.061703123301370955,0.009937312027075155,0.09937312027075154,no trend,1. Northwest Extreme Heat Zone (Dry Hot Plains)
Pabna,humidity,45,0.49292929292929294,4.7639897235536095,1.898021750434964e-06,0.14957117570363923,1.4957117570363923,increasing,1. Northwest Extreme Heat Zone (Dry Hot Plains)
Pabna,dew_point,45,0.7393939393939394,7.15087574521086,8.624212455288216e-13,0.06643187540023135,0.6643187540023134,increasing,1. Northwest Extreme Heat Zone (Dry Hot Plains)
Pabna,heat_index,45,0.6646464646464646,6.426984082904973,1.301603269610041e-10,0.06142059450605725,0.6142059450605725,increasing,1. Northwest Extreme Heat Zone (Dry Hot Plains)
Pabna,wet_bulb,45,0.7515151515151515,7.268263582341544,3.6415315207705135e-13,0.042035098789325445,0.4203509878932544,increasing,1. Northwest Extreme Heat Zone (Dry Hot Plains)
Pabna,wbgt_shade,45,0.7111111111111111,6.876970791905929,6.113776152005812e-12,0.036025242150418565,0.3602524215041857,increasing,1. Northwest Extreme Heat Zone (Dry Hot Plains)
Panchagarh,temperature,43,0.20930232558139536,1.9674990560364605,0.04912570463735344,0.014296577046474402,0.142965770464744,increasing,1. Northwest Extreme Heat Zone (Dry Hot Plains)
Panchagarh,tmax,43,0.46622369878183834,4.39547661454954,1.105299636217083e-05,0.10103877679697337,1.0103877679697337,increasing,1. Northwest Extreme Heat Zone (Dry Hot Plains)
Panchagarh,tmin,43,-0.2292358803986711,-2.1558766252314405,0.03109330013620326,-0.04011128023000173,-0.40111280230001733,decreasing,1. Northwest Extreme Heat Zone (Dry Hot Plains)
Panchagarh,humidity,43,0.38205980066445183,3.6001046557262892,0.00031808912635789,0.14503157737145464,1.4503157737145465,increasing,1. Northwest Extreme Heat Zone (Dry Hot Plains)
Panchagarh,dew_point,43,0.530454042081949,5.002471004177809,5.660009732011417e-07,0.04815465651361666,0.4815465651361666,increasing,1. Northwest Extreme Heat Zone (Dry Hot Plains)
Panchagarh,heat_index,43,0.4263565891472868,4.018721476159579,5.851479109653113e-05,0.04825273365024456,0.4825273365024456,increasing,1. Northwest Extreme Heat Zone (Dry Hot Plains)
Panchagarh,wet_bulb,43,0.49058693244739754,4.625715865787848,3.7330677242763954e-06,0.0336068263414616,0.33606826341461604,increasing,1. Northwest Extreme Heat Zone (Dry Hot Plains)
Panchagarh,wbgt_shade,43,0.43078626799557035,4.060583158202908,4.895029825302544e-05,0.027191768025178458,0.2719176802517846,increasing,1. Northwest Extreme Heat Zone (Dry Hot Plains)
Patuakhali,temperature,30,0.4942528735632184,3.8179806347493375,0.00013454848403249287,0.03367860795413612,0.3367860795413612,increasing,4. Coastal Humid Heat Zone (Coastal Belt)
Patuakhali,tmax,30,0.664367816091954,5.138216929008454,2.773575977776943e-07,0.10587989519827304,1.0587989519827303,increasing,4. Coastal Humid Heat Zone (Coastal Belt)
Patuakhali,tmin,30,0.0022988505747126436,0.0,1.0,0.0013677582305792089,0.013677582305792088,no trend,4. Coastal Humid Heat Zone (Coastal Belt)
Patuakhali,humidity,30,-0.2597701149425287,-1.9981954723921767,0.045695472216719324,-0.07886032302945978,-0.7886032302945978,decreasing,4. Coastal Humid Heat Zone (Coastal Belt)
Patuakhali,dew_point,30,0.3195402298850575,2.462062278483218,0.01381406773792504,0.01775690015343952,0.1775690015343952,increasing,4. Coastal Humid Heat Zone (Coastal Belt)
Patuakhali,heat_index,30,0.5632183908045977,4.353211564854385,1.3415756811685497e-05,0.0645374194851131,0.645374194851131,increasing,4. Coastal Humid Heat Zone (Coastal Belt)
Patuakhali,wet_bulb,30,0.42528735632183906,3.2827497046442904,0.0010279989595816108,0.022217100148683312,0.2221710014868331,increasing,4. Coastal Humid Heat Zone (Coastal Belt)
Patuakhali,wbgt_shade,30,0.4482758620689655,3.4611600146793062,0.0005378530133013371,0.025077011745174595,0.25077011745174593,increasing,4. Coastal Humid Heat Zone (Coastal Belt)
Pirojpur,temperature,30,0.4160919540229885,3.211385580630284,0.0013209656271615522,0.027492877492877692,0.27492877492877693,increasing,4. Coastal Humid Heat Zone (Coastal Belt)
Pirojpur,tmax,30,0.6666666666666666,5.156878748740195,2.5110028589736544e-07,0.10095758057044524,1.0095758057044524,increasing,4. Coastal Humid Heat Zone (Coastal Belt)
Pirojpur,tmin,30,-0.08045977011494253,-0.6065950541190537,0.5441196833389508,-0.0073937074829932515,-0.07393707482993252,no trend,4. Coastal Humid Heat Zone (Coastal Belt)
Pirojpur,humidity,30,-0.28735632183908044,-2.212287844434196,0.02694678246348925,-0.09788257801360926,-0.9788257801360927,decreasing,4. Coastal Humid Heat Zone (Coastal Belt)
Pirojpur,dew_point,30,0.20919540229885059,1.605692790315142,0.10834142617557863,0.011948337384289154,0.11948337384289154,no trend,4. Coastal Humid Heat Zone (Coastal Belt)
Pirojpur,heat_index,30,0.5172413793103449,3.9963909447843533,6.431548927388064e-05,0.053056292017910955,0.5305629201791096,increasing,4. Coastal Humid Heat Zone (Coastal Belt)
Pirojpur,wet_bulb,30,0.3333333333333333,2.569108464504227,0.010196053861281307,0.015204216447067462,0.15204216447067462,increasing,4. Coastal Humid Heat Zone (Coastal Belt)
Pirojpur,wbgt_shade,30,0.3471264367816092,2.6761546505252367,0.0074472272290626584,0.019277042142837743,0.19277042142837741,increasing,4. Coastal Humid Heat Zone (Coastal Belt)
Rajbari,temperature,45,0.5515151515151515,5.331364269685252,9.747766416268178e-08,0.034735578098770856,0.3473557809877086,increasing,2. Central Urban Heat Zone (Urban Heat-Island Region)
Rajbari,tmax,45,0.5717171717171717,5.527010664903059,3.257331671058239e-08,0.05420200407343734,0.5420200407343734,increasing,2. Central Urban Heat Zone (Urban Heat-Island Region)
Rajbari,tmin,45,0.49696969696969695,4.803119002597171,1.562129793519773e-06,0.027683259610037356,0.2768325961003736,increasing,2. Central Urban Heat Zone (Urban Heat-Island Region)
Rajbari,humidity,45,-0.36363636363636365,-3.5118527941596427,0.00044499440544454316,-0.07546249819209058,-0.7546249819209059,decreasing,2. Central Urban Heat Zone (Urban Heat-Island Region)
Rajbari,dew_point,45,0.4222222222222222,4.079227340291284,4.518563237798645e-05,0.021848887161629787,0.21848887161629788,increasing,2. Central Urban Heat Zone (Urban Heat-Island Region)
Rajbari,heat_index,45,0.5191919191919192,5.018330037336759,5.212257758735461e-07,0.049272010452601545,0.49272010452601545,increasing,2. Central Urban Heat Zone (Urban Heat-Island Region)
Rajbari,wet_bulb,45,0.5131313131313131,4.959636118771417,7.062534637114481e-07,0.022218442432003275,0.22218442432003274,increasing,2. Central Urban Heat Zone (Urban Heat-Island Region)
Rajbari,wbgt_shade,45,0.5313131313131313,5.135717874467444,2.8106904270686073e-07,0.02630561493257065,0.26305614932570653,increasing,2. Central Urban Heat Zone (Urban Heat-Island Region)
Rajshahi,temperature,45,0.4262626262626263,4.118356619334845,3.8158387015041484e-05,0.021203229122759848,0.21203229122759848,increasing,1. Northwest Extreme Heat Zone (Dry Hot Plains)
Rajshahi,tmax,45,0.49292929292929294,4.7639897235536095,1.898021750434964e-06,0.06979194961356616,0.6979194961356616,increasing,1. Northwest Extreme Heat Zone (Dry Hot Plains)
Rajshahi,tmin,45,0.1191919191919192,1.1445314120241732,0.25240331848130193,0.00574481922930118,0.0574481922930118,no trend,1. Northwest Extreme Heat Zone (Dry Hot Plains)
Rajshahi,humidity,45,0.33535353535353535,3.237947840854712,0.0012039281829079318,0.10708734479952187,1.0708734479952187,increasing,1. Northwest Extreme Heat Zone (Dry Hot Plains)
Rajshahi,dew_point,45,0.6686868686868687,6.466113361948534,1.0055556387555953e-10,0.05445351821635096,0.5445351821635096,increasing,1. Northwest Extreme Heat Zone (Dry Hot Plains)
Rajshahi,heat_index,45,0.6646464646464646,6.426984082904973,1.301603269610041e-10,0.06076216144378767,0.6076216144378767,increasing,1. Northwest Extreme Heat Zone (Dry Hot Plains)
Rajshahi,wet_bulb,45,0.6909090909090909,6.681324396688122,2.367928075841519e-11,0.035982684619391164,0.35982684619391164,increasing,1. Northwest Extreme Heat Zone (Dry Hot Plains)
Rajshahi,wbgt_shade,45,0.6666666666666666,6.446548722426753,1.1442580216680653e-10,0.0307306869924285,0.307306869924285,increasing,1. Northwest Extreme Heat Zone (Dry Hot Plains)
Rangamati,temperature,43,0.06755260243632337,0.6279252306499342,0.5300529217566403,0.004819984758647637,0.04819984758647637,no trend,6. Hill Tract Zone (Elevated Terrain)
Rangamati,tmax,43,0.6013289036544851,5.6722579168710725,1.4092758959804996e-08,0.06053701067159197,0.6053701067159197,increasing,6. Hill Tract Zone (Elevated Terrain)
Rangamati,tmin,43,-0.21373200442967885,-2.0093607380797893,0.04449889083488601,-0.02967535141910673,-0.2967535141910673,decreasing,6. Hill Tract Zone (Elevated Terrain)
Rangamati,humidity,43,0.08748615725359911,0.8163027998449144,0.414326973448099,0.016687592075462936,0.16687592075462937,no trend,6. Hill Tract Zone (Elevated Terrain)
Rangamati,dew_point,43,0.016611295681063124,0.14651588715165131,0.8835141491217924,0.0009122827213077349,0.00912282721307735,no trend,6. Hill Tract Zone (Elevated Terrain)
Rangamati,heat_index,43,0.1273532668881506,1.193057938234875,0.2328466829852629,0.014425085341515497,0.14425085341515498,no trend,6. Hill Tract Zone (Elevated Terrain)
Rangamati,wet_bulb,43,0.12292358803986711,1.151196256191546,0.2496515050691539,0.005756028544061694,0.05756028544061694,no trend,6. Hill Tract Zone (Elevated Terrain)
Rangamati,wbgt_shade,43,0.1450719822812846,1.3605046664081908,0.1736702772203822,0.006670852806490786,0.06670852806490786,no trend,6. Hill Tract Zone (Elevated Terrain)
Rangpur,temperature,45,0.25757575757575757,2.484828113407872,0.012961400112060595,0.011000447296678383,0.11000447296678384,increasing,1. Northwest Extreme Heat Zone (Dry Hot Plains)
Rangpur,tmax,45,0.3939393939393939,3.8053223869863535,0.0001416196092791644,0.06594568964102375,0.6594568964102375,increasing,1. Northwest Extreme Heat Zone (Dry Hot Plains)
Rangpur,tmin,45,-0.26666666666666666,-2.572750097114167,0.010089403008295639,-0.014802380217644392,-0.14802380217644392,decreasing,1. Northwest Extreme Heat Zone (Dry Hot Plains)
Rangpur,humidity,45,0.11313131313131314,1.085837493458831,0.2775508951844028,0.026541618302910006,0.2654161830291001,no trend,1. Northwest Extreme Heat Zone (Dry Hot Plains)
Rangpur,dew_point,45,0.39595959595959596,3.8248870265081343,0.0001308320670567742,0.02001404138121355,0.2001404138121355,increasing,1. Northwest Extreme Heat Zone (Dry Hot Plains)
Rangpur,heat_index,45,0.38585858585858585,3.727063828899231,0.00019372341116885572,0.02738884962999729,0.2738884962999729,increasing,1. Northwest Extreme Heat Zone (Dry Hot Plains)
Rangpur,wet_bulb,45,0.34545454545454546,3.335771038463616,0.0008506318978698246,0.013396384945585527,0.13396384945585527,increasing,1. Northwest Extreme Heat Zone (Dry Hot Plains)
Rangpur,wbgt_shade,45,0.3212121212121212,3.100995364202247,0.0019287131011707093,0.011356587386493866,0.11356587386493866,increasing,1. Northwest Extreme Heat Zone (Dry Hot Plains)
Satkhira,temperature,45,0.45252525252525255,4.372696933117995,1.227210307108706e-05,0.017774583925942604,0.17774583925942605,increasing,3. Southwest Hot-Dry Zone (Drought or Saline)
Satkhira,tmax,45,0.597979797979798,5.781350978686208,7.4103105873746244e-09,0.02627489809389656,0.2627489809389656,increasing,3. Southwest Hot-Dry Zone (Drought or Saline)
Satkhira,tmin,45,0.23030303030303031,2.220586585722114,0.026378975197504317,0.010179493017607861,0.1017949301760786,increasing,3. Southwest Hot-Dry Zone (Drought or Saline)
Satkhira,humidity,45,-0.09292929292929293,-0.8901910982410236,0.37336328368191696,-0.013916900187975027,-0.1391690018797503,no trend,3. Southwest Hot-Dry Zone (Drought or Saline)
Satkhira,dew_point,45,0.3797979797979798,3.6683699103338885,0.0002441018429149011,0.01892500093595633,0.18925000935956332,increasing,3. Southwest Hot-Dry Zone (Drought or Saline)
Satkhira,heat_index,45,0.5111111111111111,4.940071479249636,7.809393771651685e-07,0.04168560725106863,0.4168560725106863,increasing,3. Southwest Hot-Dry Zone (Drought or Saline)
Satkhira,wet_bulb,45,0.41818181818181815,4.040098061247723,5.342885743275794e-05,0.016646789228605016,0.16646789228605016,increasing,3. Southwest Hot-Dry Zone (Drought or Saline)
Satkhira,wbgt_shade,45,0.44646464646464645,4.314003014552653,1.6032475830041193e-05,0.017119799704436306,0.17119799704436306,increasing,3. Southwest Hot-Dry Zone (Drought or Saline)
Shariatpur,temperature,45,0.4121212121212121,3.9814041426823805,6.850934954338861e-05,0.022015317147910766,0.22015317147910768,increasing,2. Central Urban Heat Zone (Urban Heat-Island Region)
Shariatpur,tmax,45,0.5757575757575758,5.56613994394662,2.6044410628145442e-08,0.05707281160620248,0.5707281160620248,increasing,2. Central Urban Heat Zone (Urban Heat-Island Region)
Shariatpur,tmin,45,0.06262626262626263,0.5967215054143126,0.5506933321069332,0.0031198593412756666,0.031198593412756666,no trend,2. Central Urban Heat Zone (Urban Heat-Island Region)
Shariatpur,humidity,45,-0.3111111111111111,-3.0031721665933433,0.00267181235202818,-0.07318044432393793,-0.7318044432393793,decreasing,2. Central Urban Heat Zone (Urban Heat-Island Region)
Shariatpur,dew_point,45,0.15151515151515152,1.457565644372665,0.1449603050703394,0.006362809637283559,0.06362809637283559,no trend,2. Central Urban Heat Zone (Urban Heat-Island Region)
Shariatpur,heat_index,45,0.40404040404040403,3.9031455845952574,9.495054962727068e-05,0.032707583929606425,0.32707583929606426,increasing,2. Central Urban Heat Zone (Urban Heat-Island Region)
Shariatpur,wet_bulb,45,0.296969696969697,2.8662196899408783,0.004154058587343634,0.009862010526073089,0.0986201052607309,increasing,2. Central Urban Heat Zone (Urban Heat-Island Region)
Shariatpur,wbgt_shade,45,0.38585858585858585,3.727063828899231,0.00019372341116885572,0.013900274545386074,0.13900274545386074,increasing,2. Central Urban Heat Zone (Urban Heat-Island Region)
Sherpur,temperature,45,0.23434343434343435,2.2597158647656754,0.023838891030700138,0.009322313560493584,0.09322313560493584,increasing,2. Central Urban Heat Zone (Urban Heat-Island Region)
Sherpur,tmax,45,0.3696969696969697,3.570546712724985,0.0003562369148175648,0.0419882121010455,0.419882121010455,increasing,2. Central Urban Heat Zone (Urban Heat-Island Region)
Sherpur,tmin,45,0.23232323232323232,2.2401512252438947,0.02508110691139831,0.00995120993800815,0.09951209938008149,increasing,2. Central Urban Heat Zone (Urban Heat-Island Region)
Sherpur,humidity,45,0.4222222222222222,4.079227340291284,4.518563237798645e-05,0.10851931370784822,1.0851931370784822,increasing,2. Central Urban Heat Zone (Urban Heat-Island Region)
Sherpur,dew_point,45,0.5333333333333333,5.155282513989224,2.532488199147309e-07,0.03509803484081708,0.35098034840817083,increasing,2. Central Urban Heat Zone (Urban Heat-Island Region)
Sherpur,heat_index,45,0.4666666666666667,4.509649409770461,6.493484842717834e-06,0.03439332024368147,0.3439332024368147,increasing,2. Central Urban Heat Zone (Urban Heat-Island Region)
Sherpur,wet_bulb,45,0.4686868686868687,4.529214049292241,5.920349869237285e-06,0.021983812343422615,0.21983812343422615,increasing,2. Central Urban Heat Zone (Urban Heat-Island Region)
Sherpur,wbgt_shade,45,0.42424242424242425,4.098791979813065,4.1531208491596416e-05,0.01884533050542719,0.1884533050542719,increasing,2. Central Urban Heat Zone (Urban Heat-Island Region)
Sirajganj,temperature,45,0.2909090909090909,2.807525771375536,0.004992368505160716,0.012430418669381072,0.12430418669381071,increasing,1. Northwest Extreme Heat Zone (Dry Hot Plains)
Sirajganj,tmax,45,0.38181818181818183,3.6879345498556693,0.0002260817816361893,0.03956123265178754,0.3956123265178754,increasing,1. Northwest Extreme Heat Zone (Dry Hot Plains)
Sirajganj,tmin,45,0.37575757575757573,3.629240631290327,0.00028425617643224044,0.017268860367603063,0.17268860367603062,increasing,1. Northwest Extreme Heat Zone (Dry Hot Plains)
Sirajganj,humidity,45,0.5777777777777777,5.5857045834684005,2.32754602258467e-08,0.1557186299297001,1.557186299297001,increasing,1. Northwest Extreme Heat Zone (Dry Hot Plains)
Sirajganj,dew_point,45,0.6848484848484848,6.62263047812278,3.528621839166135e-11,0.04960779625965161,0.4960779625965161,increasing,1. Northwest Extreme Heat Zone (Dry Hot Plains)
Sirajganj,heat_index,45,0.5252525252525253,5.077023955902102,3.833925494856061e-07,0.04356461732230915,0.4356461732230915,increasing,1. Northwest Extreme Heat Zone (Dry Hot Plains)
Sirajganj,wet_bulb,45,0.6141414141414141,5.9378680948604545,2.887522221328709e-09,0.032425625791392965,0.32425625791392965,increasing,1. Northwest Extreme Heat Zone (Dry Hot Plains)
Sirajganj,wbgt_shade,45,0.5676767676767677,5.487881385859497,4.0678305612829035e-08,0.026834675681968095,0.26834675681968095,increasing,1. Northwest Extreme Heat Zone (Dry Hot Plains)
Sunamganj,temperature,45,-0.39191919191919194,-3.7857577474645727,0.00015324090620394415,-0.023952980171411384,-0.23952980171411384,decreasing,5. Haor or Wetland Humid Zone (Haor Basin)
Sunamganj,tmax,45,0.4383838383838384,4.23574445646553,2.277957259488872e-05,0.04023201816405153,0.4023201816405153,increasing,5. Haor or Wetland Humid Zone (Haor Basin)
Sunamganj,tmin,45,-0.3797979797979798,-3.6683699103338885,0.0002441018429149011,-0.06951691947321693,-0.6951691947321693,decreasing,5. Haor or Wetland Humid Zone (Haor Basin)
Sunamganj,humidity,45,0.5616161616161616,5.429187467294155,5.66111948430148e-08,0.12065684945234106,1.2065684945234105,increasing,5. Haor or Wetland Humid Zone (Haor Basin)
Sunamganj,dew_point,45,0.05858585858585859,0.557592226370751,0.5771228659350232,0.0031135328259210343,0.031135328259210344,no trend,5. Haor or Wetland Humid Zone (Haor Basin)
Sunamganj,heat_index,45,-0.2767676767676768,-2.670573294723071,0.007572183789693376,-0.023157657281103215,-0.23157657281103217,decreasing,5. Haor or Wetland Humid Zone (Haor Basin)
Sunamganj,wet_bulb,45,-0.09494949494949495,-0.9097557377628044,0.36295134216230274,-0.0050095552039991975,-0.05009555203999198,no trend,5. Haor or Wetland Humid Zone (Haor Basin)
Sunamganj,wbgt_shade,45,-0.20202020202020202,-1.9466816324171834,0.0515729150101516,-0.008623806580308885,-0.08623806580308885,no trend,5. Haor or Wetland Humid Zone (Haor Basin)
Sylhet,temperature,45,-0.3414141414141414,-3.2966417594200546,0.0009784822104283997,-0.01889982119590712,-0.1889982119590712,decreasing,5. Haor or Wetland Humid Zone (Haor Basin)
Sylhet,tmax,45,0.3616161616161616,3.492288154637862,0.0004789013077117765,0.04246999243347649,0.4246999243347649,increasing,5. Haor or Wetland Humid Zone (Haor Basin)
Sylhet,tmin,45,-0.2686868686868687,-2.592314736635948,0.0095332511775863,-0.047436389511408605,-0.47436389511408605,decreasing,5. Haor or Wetland Humid Zone (Haor Basin)
Sylhet,humidity,45,0.5717171717171717,5.527010664903059,3.257331671058239e-08,0.12778901088660438,1.277890108866044,increasing,5. Haor or Wetland Humid Zone (Haor Basin)
Sylhet,dew_point,45,0.24848484848484848,2.3966683414181404,0.016544891610385193,0.011265073291650452,0.11265073291650453,increasing,5. Haor or Wetland Humid Zone (Haor Basin)
Sylhet,heat_index,45,-0.20202020202020202,-1.9466816324171834,0.0515729150101516,-0.015477334717698351,-0.15477334717698352,no trend,5. Haor or Wetland Humid Zone (Haor Basin)
Sylhet,wet_bulb,45,0.014141414141414142,0.1271701568915748,0.8988057249271526,0.00048079228789559133,0.004807922878955913,no trend,5. Haor or Wetland Humid Zone (Haor Basin)
Sylhet,wbgt_shade,45,-0.10707070707070707,-1.0271435748934887,0.3043528627814389,-0.004307603491169263,-0.04307603491169264,no trend,5. Haor or Wetland Humid Zone (Haor Basin)
Tangail,temperature,45,0.39595959595959596,3.8248870265081343,0.0001308320670567742,0.021954214513762636,0.21954214513762638,increasing,2. Central Urban Heat Zone (Urban Heat-Island Region)
Tangail,tmax,45,0.5898989898989899,5.703092420599085,1.1765314944511829e-08,0.05991189397425473,0.5991189397425474,increasing,2. Central Urban Heat Zone (Urban Heat-Island Region)
Tangail,tmin,45,-0.00202020202020202,-0.00978231976089037,0.9921949625764028,-0.0007818030901310575,-0.007818030901310575,no trend,2. Central Urban Heat Zone (Urban Heat-Island Region)
Tangail,humidity,45,-0.4444444444444444,-4.294438375030873,1.7513611840325183e-05,-0.08458232938050604,-0.8458232938050604,decreasing,2. Central Urban Heat Zone (Urban Heat-Island Region)
Tangail,dew_point,45,0.1393939393939394,1.3401778072419805,0.18018754488317246,0.005419527428888802,0.05419527428888801,no trend,2. Central Urban Heat Zone (Urban Heat-Island Region)
Tangail,heat_index,45,0.3393939393939394,3.2770771198982738,0.001048877166641482,0.02826901950894735,0.28269019508947346,increasing,2. Central Urban Heat Zone (Urban Heat-Island Region)
Tangail,wet_bulb,45,0.2101010101010101,2.0249401905043065,0.04287350604848106,0.008372940913104265,0.08372940913104265,increasing,2. Central Urban Heat Zone (Urban Heat-Island Region)
Tangail,wbgt_shade,45,0.2909090909090909,2.807525771375536,0.004992368505160716,0.012694105049557886,0.12694105049557886,increasing,2. Central Urban Heat Zone (Urban Heat-Island Region)
Thakurgaon,temperature,43,0.30454042081949056,2.867525219968033,0.004136958309493455,0.02189023680304631,0.2189023680304631,increasing,1. Northwest Extreme Heat Zone (Dry Hot Plains)
Thakurgaon,tmax,43,0.45514950166112955,4.290822409441217,1.7801263370698095e-05,0.10681558878280181,1.0681558878280182,increasing,1. Northwest Extreme Heat Zone (Dry Hot Plains)
Thakurgaon,tmin,43,-0.1406423034330011,-1.3186429843648617,0.18728849622688903,-0.02246905655408522,-0.2246905655408522,no trend,1. Northwest Extreme Heat Zone (Dry Hot Plains)
Thakurgaon,humidity,43,0.33111849390919157,3.1186953122280063,0.001816537018720421,0.10791262223213274,1.0791262223213274,increasing,1. Northwest Extreme Heat Zone (Dry Hot Plains)
Thakurgaon,dew_point,43,0.521594684385382,4.918747640091151,8.70996749391395e-07,0.04801369863013664,0.48013698630136636,increasing,1. Northwest Extreme Heat Zone (Dry Hot Plains)
Thakurgaon,heat_index,43,0.5038759689922481,4.751300911917835,2.021120944828425e-06,0.059720889520607,0.59720889520607,increasing,1. Northwest Extreme Heat Zone (Dry Hot Plains)
Thakurgaon,wet_bulb,43,0.5260243632336655,4.96060932213448,7.027239883328207e-07,0.03738282626506262,0.3738282626506262,increasing,1. Northwest Extreme Heat Zone (Dry Hot Plains)
Thakurgaon,wbgt_shade,43,0.4728682170542636,4.458269137614533,8.26241203721878e-06,0.03321689879314036,0.3321689879314036,increasing,1. Northwest Extreme Heat Zone (Dry Hot Plains)
